"","spp","SPECIES","FAMILY","COMMONFAMILYALL","TROPHIC_MONREP","size","family","fg","habitat","Included"
"1","Abudefduf abdominalis","ABAB","Pomacentridae","Damselfish","PLANKTIVORE",30,"Pomacentridae","Planktivore","Reef",1
"2","Abudefduf septemfasciatus","ABSP","Pomacentridae","Damselfish","PRIMARY",23,"Pomacentridae","Planktivore","Reef",1
"3","Abudefduf sexfasciatus","ABSX","Pomacentridae","Damselfish","PLANKTIVORE",19,"Pomacentridae","Planktivore","Reef",1
"4","Abudefduf sordidus","ABSO","Pomacentridae","Damselfish","PRIMARY",24,"Pomacentridae","Planktivore","Reef",1
"5","Abudefduf vaigiensis","ABVA","Pomacentridae","Damselfish","PLANKTIVORE",20,"Pomacentridae","Planktivore","Reef",1
"6","Acanthocybium solandri","ACSO","Scombridae","Mackerel","PISCIVORE",250,"Scombridae","Piscivore","Pelagic",0
"7","Acanthurus achilles","ACAC","Acanthuridae","Surgeonfish","PRIMARY",24,"Acanthuridae","Grazer","Reef",1
"8","Acanthurus achilles","ACAC","Acanthuridae","Surgeonfish","PRIMARY",24,"Acanthuridae","Grazer","Reef",1
"9","Acanthurus albipectoralis","ACAL","Acanthuridae","Surgeonfish","PRIMARY",33,"Acanthuridae","Planktivore","Reef",1
"10","Acanthurus blochii","ACBL","Acanthuridae","Surgeonfish","PRIMARY",45,"Acanthuridae","Grazer","Reef",1
"11","Acanthurus blochii","ACBL","Acanthuridae","Surgeonfish","PRIMARY",45,"Acanthuridae","Grazer","Reef",1
"12","Acanthurus dussumieri","ACDU","Acanthuridae","Surgeonfish","PRIMARY",54,"Acanthuridae","Grazer","Reef",1
"13","Acanthurus guttatus","ACGU","Acanthuridae","Surgeonfish","PRIMARY",26,"Acanthuridae","Grazer","Reef",1
"14","Acanthurus leucocheilus","ACLU","Acanthuridae","Surgeonfish","PRIMARY",45,"Acanthuridae","Grazer","Reef",1
"15","Acanthurus leucopareius","ACLE","Acanthuridae","Surgeonfish","PRIMARY",25,"Acanthuridae","Grazer","Reef",1
"16","Acanthurus lineatus","ACLI","Acanthuridae","Surgeonfish","PRIMARY",38,"Acanthuridae","Grazer","Reef",1
"17","Acanthurus maculiceps","ACMA","Acanthuridae","Surgeonfish","PRIMARY",40,"Acanthuridae","Grazer","Reef",1
"18","Acanthurus mata","ACMT","Acanthuridae","Surgeonfish","PLANKTIVORE",50,"Acanthuridae","Planktivore","Reef",1
"19","Acanthurus nigricans","ACNC","Acanthuridae","Surgeonfish","PRIMARY",21.3,"Acanthuridae","Grazer","Reef",1
"20","Acanthurus nigricauda","ACNI","Acanthuridae","Surgeonfish","PRIMARY",40,"Acanthuridae","Grazer","Reef",1
"21","Acanthurus nigrofuscus","ACNF","Acanthuridae","Surgeonfish","PRIMARY",21,"Acanthuridae","Grazer","Reef",1
"22","Acanthurus nigroris","ACNR","Acanthuridae","Surgeonfish","PRIMARY",25,"Acanthuridae","Grazer","Reef",1
"23","Acanthurus nigroris","ACNR","Acanthuridae","Surgeonfish","PRIMARY",25,"Acanthuridae","Grazer","Reef",1
"24","Acanthurus nubilus","ACNU","Acanthuridae","Surgeonfish","PLANKTIVORE",26,"Acanthuridae","Planktivore","Reef",1
"25","Acanthurus olivaceus","ACOL","Acanthuridae","Surgeonfish","PRIMARY",35,"Acanthuridae","Detritivore","Reef",1
"26","Acanthurus olivaceus","ACOL","Acanthuridae","Surgeonfish","PRIMARY",35,"Acanthuridae","Detritivore","Reef",1
"27","Acanthurus pyroferus","ACPY","Acanthuridae","Surgeonfish","PRIMARY",29,"Acanthuridae","Grazer","Reef",1
"28","Acanthurus sp","ACSP","Acanthuridae","Surgeonfish","PRIMARY",36,"Acanthuridae","Grazer","Reef",1
"29","Acanthurus sp","ACSP","Acanthuridae","Surgeonfish","PRIMARY",36,"Acanthuridae","Grazer","Reef",1
"30","Acanthurus thompsoni","ACTH","Acanthuridae","Surgeonfish","PLANKTIVORE",27,"Acanthuridae","Planktivore","Reef",1
"31","Acanthurus triostegus","ACTR","Acanthuridae","Surgeonfish","PRIMARY",27,"Acanthuridae","Grazer","Reef",1
"32","Acanthurus xanthopterus","ACXA","Acanthuridae","Surgeonfish","PRIMARY",70,"Acanthuridae","Grazer","Reef",1
"33","Aethaloperca rogaa","AERO","Serranidae","Grouper","PISCIVORE",60,"Serranidae","Piscivore","Reef",1
"34","Aetobatus narinari","AENA","Myliobatidae","Eagle Rays","SECONDARY",330,"Myliobatidae",NA,"Pelagic",0
"35","Aetobatus narinari","AENA","Myliobatidae","Eagle Rays","SECONDARY",330,"Myliobatidae",NA,"Pelagic",0
"36","Alectis ciliaris","ALCI","Carangidae","Jack","PISCIVORE",150,"Carangidae","Piscivore","Pelagic",0
"37","Aluterus scriptus","ALSC","Monacanthidae","Filefish","SECONDARY",110,"Monacanthidae","Micro-invertivore","Reef",1
"38","Amanses scopas","AMSC","Monacanthidae","Filefish","SECONDARY",20,"Monacanthidae","Micro-invertivore","Reef",1
"39","Amblycirrhitus bimacula","AMBI","Cirrhitidae","Hawkfish","SECONDARY",8.5,"Cirrhitidae","Micro-invertivore","Reef",1
"40","Amblyeleotris fasciata","AMFA","Gobiidae","Goby","PLANKTIVORE",8,"Gobiidae","Detritivore","Reef",1
"41","Amblyeleotris guttata","AMGU","Gobiidae","Goby","PLANKTIVORE",11,"Gobiidae","Detritivore","Reef",1
"42","Amblyglyphidodon curacao","AMCU","Pomacentridae","Damselfish","SECONDARY",11,"Pomacentridae","Planktivore","Reef",1
"43","Amblygobius phalaena","AMPH","Gobiidae","Goby","PRIMARY",15,"Gobiidae","Detritivore","Reef",1
"44","Amphiprion chrysopterus","AMCH","Pomacentridae","Damselfish","PLANKTIVORE",17,"Pomacentridae","Planktivore","Reef",1
"45","Amphiprion clarkii","AMCL","Pomacentridae","Damselfish","PLANKTIVORE",15,"Pomacentridae","Planktivore","Reef",1
"46","Amphiprion melanopus","AMME","Pomacentridae","Damselfish","PLANKTIVORE",12,"Pomacentridae","Planktivore","Reef",1
"47","Amphiprion perideraion","AMPE","Pomacentridae","Damselfish","PLANKTIVORE",10,"Pomacentridae","Planktivore","Reef",1
"48","Anampses caeruleopunctatus","ANCA","Labridae","Wrasse","SECONDARY",42,"Labridae","Micro-invertivore","Reef",1
"49","Anampses caeruleopunctatus","ANCA","Labridae","Wrasse","SECONDARY",42,"Labridae","Micro-invertivore","Reef",1
"50","Anampses chrysocephalus","ANCH","Labridae","Wrasse","SECONDARY",17,"Labridae","Micro-invertivore","Reef",1
"51","Anampses cuvier","ANCU","Labridae","Wrasse","SECONDARY",31,"Labridae","Micro-invertivore","Reef",1
"52","Anampses melanurus","ANME","Labridae","Wrasse","SECONDARY",12,"Labridae","Micro-invertivore","Reef",1
"53","Anampses meleagrides","ANMG","Labridae","Wrasse","SECONDARY",22,"Labridae","Micro-invertivore","Reef",1
"54","Anampses sp","ANSP","Labridae","Wrasse","SECONDARY",30,"Labridae","Micro-invertivore","Reef",1
"55","Anampses twistii","ANTW","Labridae","Wrasse","SECONDARY",18,"Labridae","Micro-invertivore","Reef",1
"56","Antennarius commerson","ANCO","Antennariidae","Frogfish","PISCIVORE",45,"Antennariidae","Pisci-invertivore","Reef",1
"57","Anthias sp","ANTH","Serranidae","Anthias","PLANKTIVORE",29,"Serranidae","Planktivore","Reef",1
"58","Anthias sp","ANTH","Serranidae","Anthias","PLANKTIVORE",29,"Serranidae","Planktivore","Reef",1
"59","Anthias sp","ANTH","Serranidae","Anthias","PLANKTIVORE",29,"Serranidae","Planktivore","Reef",1
"60","Anyperodon leucogrammicus","ANLE","Serranidae","Grouper","PISCIVORE",65,"Serranidae","Piscivore","Reef",1
"61","Aphareus furca","APFU","Lutjanidae","Snapper","PISCIVORE",70,"Lutjanidae","Piscivore","Pelagic",0
"62","Apogon angustatus","APAN","Apogonidae","Cardinalfish","PLANKTIVORE",11,"Apogonidae","Planktivore","Reef",1
"63","Apogon apogonoides","APAP","Apogonidae","Cardinalfish","PLANKTIVORE",10,"Apogonidae","Planktivore","Reef",1
"64","Apogon fraenatus","APFR","Apogonidae","Cardinalfish","PLANKTIVORE",10,"Apogonidae","Planktivore","Reef",1
"65","Apogon kallopterus","APKA","Apogonidae","Cardinalfish","PLANKTIVORE",15.5,"Apogonidae","Planktivore","Reef",1
"66","Apogon maculiferus","APMA","Apogonidae","Cardinalfish","PLANKTIVORE",14,"Apogonidae","Planktivore","Reef",1
"67","Apogon novemfasciatus","APNO","Apogonidae","Cardinalfish","PLANKTIVORE",10,"Apogonidae","Planktivore","Reef",1
"68","Apogon sp","APSP","Apogonidae","Cardinalfish","PLANKTIVORE",10,"Apogonidae","Planktivore","Reef",1
"69","Apogon sp","APSP","Apogonidae","Cardinalfish","PLANKTIVORE",10,"Apogonidae","Planktivore","Reef",1
"70","Apolemichthys arcuatus","APAR","Pomacanthidae","Angelfish","SECONDARY",18,"Pomacanthidae","Micro-invertivore","Reef",1
"71","Apolemichthys griffisi","APGR","Pomacanthidae","Angelfish","SECONDARY",30,"Pomacanthidae","Micro-invertivore","Reef",1
"72","Apolemichthys trimaculatus","APTR","Pomacanthidae","Angelfish","SECONDARY",26,"Pomacanthidae","Micro-invertivore","Reef",1
"73","Apolemichthys xanthopunctatus","APXA","Pomacanthidae","Angelfish","SECONDARY",25,"Pomacanthidae","Micro-invertivore","Reef",1
"74","Aprion virescens","APVI","Lutjanidae","Snapper","PISCIVORE",112,"Lutjanidae","Piscivore","Reef",1
"75","Aprion virescens","APVI","Lutjanidae","Snapper","PISCIVORE",112,"Lutjanidae","Piscivore","Reef",1
"76","Arothron hispidus","ARHI","Tetraodontidae","Pufferfish","SECONDARY",50,"Tetraodontidae","Macro-invertivore","Reef",1
"77","Arothron mappa","ARMA","Tetraodontidae","Pufferfish","SECONDARY",65,"Tetraodontidae","Macro-invertivore","Reef",1
"78","Arothron meleagris","ARME","Tetraodontidae","Pufferfish","SECONDARY",50,"Tetraodontidae","Corallivore","Reef",1
"79","Arothron nigropunctatus","ARNI","Tetraodontidae","Pufferfish","SECONDARY",33,"Tetraodontidae","Corallivore","Reef",1
"80","Arothron stellatus","ARST","Tetraodontidae","Pufferfish","SECONDARY",120,"Tetraodontidae","Macro-invertivore","Reef",1
"81","Aspidontus taeniatus","ASTA","Blenniidae","Blenny","SECONDARY",11.5,"Blenniidae","Micro-invertivore","Reef",1
"82","Aulostomus chinensis","AUCH","Aulostomidae","Trumpetfish","PISCIVORE",80,"Aulostomidae","Piscivore","Reef",1
"83","Balistapus undulatus","BAUN","Balistidae","Triggerfish","SECONDARY",30,"Balistidae","Macro-invertivore","Reef",1
"84","Balistapus undulatus","BAUN","Balistidae","Triggerfish","SECONDARY",30,"Balistidae","Macro-invertivore","Reef",1
"85","Balistes polylepis","BAPO","Balistidae","Triggerfish","SECONDARY",76,"Balistidae","Macro-invertivore","Reef",1
"86","Balistoides conspicillum","BACO","Balistidae","Triggerfish","SECONDARY",50,"Balistidae","Macro-invertivore","Reef",1
"87","Balistoides conspicillum","BACO","Balistidae","Triggerfish","SECONDARY",50,"Balistidae","Macro-invertivore","Reef",1
"88","Balistoides viridescens","BAVI","Balistidae","Triggerfish","SECONDARY",75,"Balistidae","Macro-invertivore","Reef",1
"89","Belonoperca chabanaudi","BECH","Serranidae","Grouper","SECONDARY",15,"Serranidae","Piscivore","Reef",1
"90","Blenniella chrysospilos","BLCH","Blenniidae","Blenny","PLANKTIVORE",13,"Blenniidae","Detritivore","Reef",1
"91","Bodianus anthioides","BOAN","Labridae","Wrasse","PLANKTIVORE",24,"Labridae","Micro-invertivore","Reef",1
"92","Bodianus axillaris","BOAX","Labridae","Wrasse","SECONDARY",20,"Labridae","Micro-invertivore","Reef",1
"93","Bodianus bilunulatus","BOBI","Labridae","Wrasse","SECONDARY",55,"Labridae","Micro-invertivore","Reef",1
"94","Bodianus diana","BODI","Labridae","Wrasse","SECONDARY",16.9,"Labridae","Micro-invertivore","Reef",1
"95","Bodianus loxozonus","BOLO","Labridae","Wrasse","SECONDARY",47,"Labridae","Micro-invertivore","Reef",1
"96","Bodianus mesothorax","BOME","Labridae","Wrasse","SECONDARY",25,"Labridae","Micro-invertivore","Reef",1
"97","Bodianus prognathus","BOPR","Labridae","Wrasse","SECONDARY",17.9,"Labridae","Micro-invertivore","Reef",1
"98","Bolbometopon muricatum","BOMU","Scaridae","Parrotfish","SECONDARY",130,"Scaridae","Excavator/scraper","Reef",1
"99","Bothus mancus","BOMA","Bothidae","Flounder","SECONDARY",51,"Bothidae","Micro-invertivore","Reef",1
"100","Brotula multibarbata","BRMU","Ophidiidae","Cusk Eel","SECONDARY",100,"Ophidiidae","Macro-invertivore","Reef",1
"101","Caesio caerulaurea","CACE","Caesionidae","Fusilier","PLANKTIVORE",35,"Caesionidae","Planktivore","Reef",1
"102","Caesio lunaris","CALN","Caesionidae","Fusilier","PLANKTIVORE",40,"Caesionidae","Planktivore","Reef",1
"103","Caesio teres","CATE","Caesionidae","Fusilier","PLANKTIVORE",40,"Caesionidae","Planktivore","Reef",1
"104","Calotomus carolinus","CACA","Scaridae","Parrotfish","PRIMARY",54,"Scaridae","Browser","Reef",1
"105","Calotomus zonarchus","CAZO","Scaridae","Parrotfish","PRIMARY",33,"Scaridae","Browser","Reef",1
"106","Cantherhines dumerilii","CADU","Monacanthidae","Filefish","SECONDARY",38,"Monacanthidae","Micro-invertivore","Reef",1
"107","Cantherhines pardalis","CAPA","Monacanthidae","Filefish","PRIMARY",25,"Monacanthidae","Micro-invertivore","Reef",1
"108","Cantherhines sandwichiensis","CASA","Monacanthidae","Filefish","PRIMARY",19.3,"Monacanthidae","Spongivore","Reef",1
"109","Cantherhines verecundus","CAVE","Monacanthidae","Filefish","PRIMARY",12.5,"Monacanthidae","Micro-invertivore","Reef",1
"110","Canthigaster amboinensis","CAAM","Tetraodontidae","Pufferfish","PRIMARY",15,"Tetraodontidae","Micro-invertivore","Reef",1
"111","Canthigaster bennetti","CABE","Tetraodontidae","Pufferfish","PRIMARY",10,"Tetraodontidae","Micro-invertivore","Reef",1
"112","Canthigaster coronata","CACO","Tetraodontidae","Pufferfish","PRIMARY",11,"Tetraodontidae","Micro-invertivore","Reef",1
"113","Canthigaster epilampra","CAEP","Tetraodontidae","Pufferfish","PRIMARY",12,"Tetraodontidae","Micro-invertivore","Reef",1
"114","Canthigaster jactator","CAJA","Tetraodontidae","Pufferfish","PRIMARY",9,"Tetraodontidae","Micro-invertivore","Reef",1
"115","Canthigaster janthinoptera","CAJN","Tetraodontidae","Pufferfish","PRIMARY",9,"Tetraodontidae","Micro-invertivore","Reef",1
"116","Canthigaster solandri","CASO","Tetraodontidae","Pufferfish","PRIMARY",11.5,"Tetraodontidae","Micro-invertivore","Reef",1
"117","Canthigaster valentini","CAVA","Tetraodontidae","Pufferfish","PRIMARY",11,"Tetraodontidae","Micro-invertivore","Reef",1
"118","Caracanthus maculatus","CAMC","Caracanthidae","Velvetfish","SECONDARY",5,"Caracanthidae","Piscivore","Reef",1
"119","Caracanthus typicus","CATY","Caracanthidae","Velvetfish","SECONDARY",2.9,"Caracanthidae","Piscivore","Reef",1
"120","Carangoides ferdau","CAFE","Carangidae","Jack","PISCIVORE",70,"Carangidae","Piscivore","Pelagic",0
"121","Carangoides orthogrammus","CAOR","Carangidae","Jack","PISCIVORE",75,"Carangidae","Piscivore","Pelagic",0
"122","Caranx ignobilis","CAIG","Carangidae","Jack","PISCIVORE",170,"Carangidae","Piscivore","Pelagic",0
"123","Caranx lugubris","CALU","Carangidae","Jack","PISCIVORE",100,"Carangidae","Piscivore","Pelagic",0
"124","Caranx melampygus","CAME","Carangidae","Jack","PISCIVORE",117,"Carangidae","Piscivore","Pelagic",0
"125","Caranx papuensis","CAPP","Carangidae","Jack","PISCIVORE",88,"Carangidae","Piscivore","Pelagic",0
"126","Caranx sexfasciatus","CASE","Carangidae","Jack","PISCIVORE",120,"Carangidae","Piscivore","Pelagic",0
"127","Caranx sp","CASP","Carangidae","Jack","PISCIVORE",80,"Carangidae","Piscivore","Pelagic",0
"128","Carcharhinus amblyrhynchos","CAAB","Carcharhinidae","Requiem","PISCIVORE",255,"Carcharhinidae","Piscivore","Unknown",0
"129","Carcharhinus galapagensis","CAGA","Carcharhinidae","Requiem","PISCIVORE",370,"Carcharhinidae","Piscivore","Unknown",0
"130","Carcharhinus melanopterus","CAML","Carcharhinidae","Requiem","PISCIVORE",200,"Carcharhinidae","Piscivore","Unknown",0
"131","Centropyge bicolor","CEBC","Pomacanthidae","Angelfish","PRIMARY",15,"Pomacanthidae","Micro-invertivore","Reef",1
"132","Centropyge bispinosa","CEBI","Pomacanthidae","Angelfish","PRIMARY",10,"Pomacanthidae","Micro-invertivore","Reef",1
"133","Centropyge fisheri","CEFI","Pomacanthidae","Angelfish","PRIMARY",7.5,"Pomacanthidae","Micro-invertivore","Reef",1
"134","Centropyge flavissima","CEFL","Pomacanthidae","Angelfish","PRIMARY",14,"Pomacanthidae","Micro-invertivore","Reef",1
"135","Centropyge heraldi","CEHE","Pomacanthidae","Angelfish","PRIMARY",10,"Pomacanthidae","Micro-invertivore","Reef",1
"136","Centropyge interruptus","CEIN","Pomacanthidae","Angelfish","PRIMARY",15,"Pomacanthidae","Micro-invertivore","Reef",1
"137","Centropyge loricula","CELO","Pomacanthidae","Angelfish","PRIMARY",15,"Pomacanthidae","Micro-invertivore","Reef",1
"138","Centropyge multifasciata","CEMU","Pomacanthidae","Angelfish","SECONDARY",12,"Pomacanthidae","Micro-invertivore","Reef",1
"139","Centropyge potteri","CEPO","Pomacanthidae","Angelfish","PRIMARY",10,"Pomacanthidae","Micro-invertivore","Reef",1
"140","Centropyge shepardi","CESH","Pomacanthidae","Angelfish","PRIMARY",9,"Pomacanthidae","Micro-invertivore","Reef",1
"141","Centropyge vrolikii","CEVR","Pomacanthidae","Angelfish","PRIMARY",12,"Pomacanthidae","Micro-invertivore","Reef",1
"142","Cephalopholis argus","CEAR","Serranidae","Grouper","PISCIVORE",60,"Serranidae","Pisci-invertivore","Reef",1
"143","Cephalopholis argus","CEAR","Serranidae","Grouper","PISCIVORE",60,"Serranidae","Pisci-invertivore","Reef",1
"144","Cephalopholis leopardus","CELE","Serranidae","Grouper","PISCIVORE",24,"Serranidae","Pisci-invertivore","Reef",1
"145","Cephalopholis miniata","CEMI","Serranidae","Grouper","PISCIVORE",50,"Serranidae","Pisci-invertivore","Reef",1
"146","Cephalopholis sexmaculata","CESX","Serranidae","Grouper","PISCIVORE",50,"Serranidae","Pisci-invertivore","Reef",1
"147","Cephalopholis sonnerati","CESO","Serranidae","Grouper","PISCIVORE",57,"Serranidae","Pisci-invertivore","Reef",1
"148","Cephalopholis sp","CESS","Serranidae","Grouper","PISCIVORE",50,"Epinephilidae","Pisci-invertivore","Reef",1
"149","Cephalopholis spiloparaea","CESP","Serranidae","Grouper","PISCIVORE",30,"Serranidae","Pisci-invertivore","Reef",1
"150","Cephalopholis urodeta","CEUR","Serranidae","Grouper","PISCIVORE",28,"Serranidae","Pisci-invertivore","Reef",1
"151","Cephalopholis urodeta","CEUR","Serranidae","Grouper","PISCIVORE",28,"Serranidae","Pisci-invertivore","Reef",1
"152","Cetoscarus ocellatus","CEOC","Scaridae","Parrotfish","PRIMARY",80,"Scaridae","Excavator/scraper","Reef",1
"153","Chaetodon auriga","CHAU","Chaetodontidae","Butterflyfish","SECONDARY",23,"Chaetodontidae","Micro-invertivore","Reef",1
"154","Chaetodon bennetti","CHBE","Chaetodontidae","Butterflyfish","SECONDARY",20,"Chaetodontidae","Corallivore","Reef",1
"155","Chaetodon citrinellus","CHCI","Chaetodontidae","Butterflyfish","SECONDARY",13,"Chaetodontidae","Micro-invertivore","Reef",1
"156","Chaetodon ephippium","CHEP","Chaetodontidae","Butterflyfish","SECONDARY",30,"Chaetodontidae","Micro-invertivore","Reef",1
"157","Chaetodon flavocoronatus","CHFL","Chaetodontidae","Butterflyfish","SECONDARY",12,"Chaetodontidae","Micro-invertivore","Reef",1
"158","Chaetodon fremblii","CHFR","Chaetodontidae","Butterflyfish","SECONDARY",13,"Chaetodontidae","Micro-invertivore","Reef",1
"159","Chaetodon kleinii","CHKL","Chaetodontidae","Butterflyfish","PLANKTIVORE",15,"Chaetodontidae","Micro-invertivore","Reef",1
"160","Chaetodon lineolatus","CHLI","Chaetodontidae","Butterflyfish","SECONDARY",30,"Chaetodontidae","Micro-invertivore","Reef",1
"161","Chaetodon lunula","CHLU","Chaetodontidae","Butterflyfish","SECONDARY",20,"Chaetodontidae","Micro-invertivore","Reef",1
"162","Chaetodon lunulatus","CHLT","Chaetodontidae","Butterflyfish","SECONDARY",14,"Chaetodontidae","Corallivore","Reef",1
"163","Chaetodon melannotus","CHML","Chaetodontidae","Butterflyfish","SECONDARY",18,"Chaetodontidae","Corallivore","Reef",1
"164","Chaetodon mertensii","CHMR","Chaetodontidae","Butterflyfish","PRIMARY",12.5,"Chaetodontidae","Micro-invertivore","Reef",1
"165","Chaetodon meyeri","CHME","Chaetodontidae","Butterflyfish","SECONDARY",20,"Chaetodontidae","Corallivore","Reef",1
"166","Chaetodon miliaris","CHMI","Chaetodontidae","Butterflyfish","PLANKTIVORE",13,"Chaetodontidae","Planktivore","Reef",1
"167","Chaetodon multicinctus","CHMU","Chaetodontidae","Butterflyfish","SECONDARY",12,"Chaetodontidae","Corallivore","Reef",1
"168","Chaetodon ornatissimus","CHOR","Chaetodontidae","Butterflyfish","SECONDARY",20,"Chaetodontidae","Corallivore","Reef",1
"169","Chaetodon pelewensis","CHPW","Chaetodontidae","Butterflyfish","SECONDARY",12.5,"Chaetodontidae","Micro-invertivore","Reef",1
"170","Chaetodon punctatofasciatus","CHPU","Chaetodontidae","Butterflyfish","SECONDARY",12,"Chaetodontidae","Micro-invertivore","Reef",1
"171","Chaetodon quadrimaculatus","CHQU","Chaetodontidae","Butterflyfish","SECONDARY",16,"Chaetodontidae","Micro-invertivore","Reef",1
"172","Chaetodon rafflesii","CHRA","Chaetodontidae","Butterflyfish","SECONDARY",18,"Chaetodontidae","Micro-invertivore","Reef",1
"173","Chaetodon rafflesii","CHRA","Chaetodontidae","Butterflyfish","SECONDARY",18,"Chaetodontidae","Micro-invertivore","Reef",1
"174","Chaetodon reticulatus","CHRE","Chaetodontidae","Butterflyfish","SECONDARY",18,"Chaetodontidae","Corallivore","Reef",1
"175","Chaetodon semeion","CHSE","Chaetodontidae","Butterflyfish","PRIMARY",26,"Chaetodontidae","Micro-invertivore","Reef",1
"176","Chaetodon tinkeri","CHTI","Chaetodontidae","Butterflyfish","SECONDARY",15,"Chaetodontidae","Micro-invertivore","Reef",1
"177","Chaetodon trifascialis","CHTR","Chaetodontidae","Butterflyfish","SECONDARY",18,"Chaetodontidae","Corallivore","Reef",1
"178","Chaetodon ulietensis","CHUL","Chaetodontidae","Butterflyfish","SECONDARY",15,"Chaetodontidae","Micro-invertivore","Reef",1
"179","Chaetodon unimaculatus","CHUN","Chaetodontidae","Butterflyfish","SECONDARY",20,"Chaetodontidae","Corallivore","Reef",1
"180","Chaetodon unimaculatus","CHUN","Chaetodontidae","Butterflyfish","SECONDARY",20,"Chaetodontidae","Corallivore","Reef",1
"181","Chaetodon vagabundus","CHVG","Chaetodontidae","Butterflyfish","SECONDARY",23,"Chaetodontidae","Micro-invertivore","Reef",1
"182","Chanos chanos","CHCH","Chanidae","Milkfish","PRIMARY",180,"Chanidae",NA,"Pelagic",0
"183","Cheilinus chlorourus","CHCL","Labridae","Wrasse","SECONDARY",45,"Labridae","Macro-invertivore","Reef",1
"184","Cheilinus fasciatus","CHFA","Labridae","Wrasse","SECONDARY",40,"Labridae","Macro-invertivore","Reef",1
"185","Cheilinus oxycephalus","CHOX","Labridae","Wrasse","SECONDARY",17,"Labridae","Macro-invertivore","Reef",1
"186","Cheilinus sp","CHEI","Labridae","Wrasse","SECONDARY",30,"Labridae","Macro-invertivore","Reef",1
"187","Cheilinus trilobatus","CHTL","Labridae","Wrasse","SECONDARY",45,"Labridae","Macro-invertivore","Reef",1
"188","Cheilinus undulatus","CHUD","Labridae","Wrasse","SECONDARY",229,"Labridae","Macro-invertivore","Reef",1
"189","Cheilio inermis","CHIN","Labridae","Wrasse","SECONDARY",50,"Labridae","Piscivore","Reef",1
"190","Cheilodipterus artus","CHAR","Apogonidae","Cardinalfish","SECONDARY",18.7,"Apogonidae","Planktivore","Reef",1
"191","Cheilodipterus macrodon","CHMD","Apogonidae","Cardinalfish","PISCIVORE",25,"Apogonidae","Planktivore","Reef",1
"192","Cheilodipterus quinquelineatus","CHQN","Apogonidae","Cardinalfish","SECONDARY",13,"Apogonidae","Planktivore","Reef",1
"193","Cheilodipterus sp","CHSP","Apogonidae","Cardinalfish","SECONDARY",20,"Apogonidae","Planktivore","Reef",1
"194","Chlorurus frontalis","CHFN","Scaridae","Parrotfish","PRIMARY",50,"Scaridae","Excavator/scraper","Reef",1
"195","Chlorurus japanensis","CHJA","Scaridae","Parrotfish","PRIMARY",31,"Scaridae","Excavator/scraper","Reef",1
"196","Chlorurus microrhinos","CHMC","Scaridae","Parrotfish","PRIMARY",70,"Scaridae","Excavator/scraper","Reef",1
"197","Chlorurus microrhinos","CHMC","Scaridae","Parrotfish","PRIMARY",70,"Scaridae","Excavator/scraper","Reef",1
"198","Chlorurus perspicillatus","CHPE","Scaridae","Parrotfish","PRIMARY",60.9,"Scaridae","Excavator/scraper","Reef",1
"199","Chlorurus sordidus","CHSO","Scaridae","Parrotfish","PRIMARY",40,"Scaridae","Excavator/scraper","Reef",1
"200","Chlorurus sp","CLSP","Scaridae","Parrotfish","PRIMARY",45,"Scaridae","Excavator/scraper","Reef",1
"201","Choerodon jordani","CHJO","Labridae","Wrasse","SECONDARY",17,"Labridae","Micro-invertivore","Reef",1
"202","Chromis acares","CHAC","Pomacentridae","Damselfish","PLANKTIVORE",4,"Pomacentridae","Planktivore","Reef",1
"203","Chromis agilis","CHAG","Pomacentridae","Damselfish","PLANKTIVORE",7.5,"Pomacentridae","Planktivore","Reef",1
"204","Chromis alpha","CHAL","Pomacentridae","Damselfish","PLANKTIVORE",8.5,"Pomacentridae","Planktivore","Reef",1
"205","Chromis amboinensis","CHAM","Pomacentridae","Damselfish","PRIMARY",10,"Pomacentridae","Planktivore","Reef",1
"206","Chromis atripectoralis","CHAP","Pomacentridae","Damselfish","PLANKTIVORE",12,"Pomacentridae","Planktivore","Reef",1
"207","Chromis caudalis","CHCA","Pomacentridae","Damselfish","PLANKTIVORE",7.5,"Pomacentridae","Planktivore","Reef",1
"208","Chromis fumea","CHFU","Pomacentridae","Damselfish","PLANKTIVORE",10,"Pomacentridae","Planktivore","Reef",1
"209","Chromis hanui","CHHA","Pomacentridae","Damselfish","PLANKTIVORE",6,"Pomacentridae","Planktivore","Reef",1
"210","Chromis iomelas","CHIO","Pomacentridae","Damselfish","PRIMARY",8,"Pomacentridae","Planktivore","Reef",1
"211","Chromis lepidolepis","CHLE","Pomacentridae","Damselfish","PLANKTIVORE",9,"Pomacentridae","Planktivore","Reef",1
"212","Chromis leucura","CHLC","Pomacentridae","Damselfish","PLANKTIVORE",8.5,"Pomacentridae","Planktivore","Reef",1
"213","Chromis margaritifer","CHMA","Pomacentridae","Damselfish","PLANKTIVORE",9,"Pomacentridae","Planktivore","Reef",1
"214","Chromis ovalis","CHOV","Pomacentridae","Damselfish","PLANKTIVORE",15,"Pomacentridae","Planktivore","Reef",1
"215","Chromis ternatensis","CHTE","Pomacentridae","Damselfish","PLANKTIVORE",10.5,"Pomacentridae","Planktivore","Reef",1
"216","Chromis vanderbilti","CHVA","Pomacentridae","Damselfish","PLANKTIVORE",4.5,"Pomacentridae","Planktivore","Reef",1
"217","Chromis verater","CHVE","Pomacentridae","Damselfish","PLANKTIVORE",16,"Pomacentridae","Planktivore","Reef",1
"218","Chromis viridis","CHVR","Pomacentridae","Damselfish","PLANKTIVORE",10,"Pomacentridae","Planktivore","Reef",1
"219","Chromis weberi","CHWE","Pomacentridae","Damselfish","PLANKTIVORE",13.5,"Pomacentridae","Planktivore","Reef",1
"220","Chromis xanthura","CHXA","Pomacentridae","Damselfish","PLANKTIVORE",17,"Pomacentridae","Planktivore","Reef",1
"221","Chrysiptera biocellata","CHBI","Pomacentridae","Damselfish","PRIMARY",12.5,"Pomacentridae","Grazer","Reef",1
"222","Chrysiptera biocellata","CHBI","Pomacentridae","Damselfish","PRIMARY",12.5,"Pomacentridae","Grazer","Reef",1
"223","Chrysiptera brownriggii","CHBR","Pomacentridae","Damselfish","PRIMARY",8,"Pomacentridae","Micro-invertivore","Reef",1
"224","Chrysiptera brownriggii","CHBR","Pomacentridae","Damselfish","PRIMARY",8,"Pomacentridae","Micro-invertivore","Reef",1
"225","Chrysiptera cyanea","CHCY","Pomacentridae","Damselfish","PLANKTIVORE",8.5,"Pomacentridae","Grazer","Reef",1
"226","Chrysiptera glauca","CHGL","Pomacentridae","Damselfish","PRIMARY",11.5,"Pomacentridae","Grazer","Reef",1
"227","Chrysiptera taupou","CHTA","Pomacentridae","Damselfish","PRIMARY",8,"Pomacentridae","Planktivore","Reef",1
"228","Chrysiptera traceyi","CHTY","Pomacentridae","Damselfish","PRIMARY",4.5,"Pomacentridae","Planktivore","Reef",1
"229","Cirrhilabrus exquisitus","CIEX","Labridae","Wrasse","PLANKTIVORE",12,"Labridae","Micro-invertivore","Reef",1
"230","Cirrhilabrus jordani","CIJO","Labridae","Wrasse","PLANKTIVORE",10,"Labridae","Micro-invertivore","Reef",1
"231","Cirrhilabrus katherinae","CIKA","Labridae","Wrasse","PLANKTIVORE",7.1,"Labridae","Micro-invertivore","Reef",1
"232","Cirrhilabrus punctatus","CIPU","Labridae","Wrasse","SECONDARY",13,"Labridae","Micro-invertivore","Reef",1
"233","Cirrhilabrus sp","CILB","Labridae","Wrasse","PLANKTIVORE",10,"Labridae","Micro-invertivore","Reef",1
"234","Cirrhilabrus sp","CILB","Labridae","Wrasse","PLANKTIVORE",10,"Labridae","Micro-invertivore","Reef",1
"235","Cirrhitichthys falco","CIFL","Cirrhitidae","Hawkfish","SECONDARY",7,"Cirrhitidae","Micro-invertivore","Reef",1
"236","Cirrhitichthys oxycephalus","CIOX","Cirrhitidae","Hawkfish","SECONDARY",10,"Cirrhitidae","Micro-invertivore","Reef",1
"237","Cirrhitops fasciatus","CIFA","Cirrhitidae","Hawkfish","SECONDARY",12.7,"Cirrhitidae","Micro-invertivore","Reef",1
"238","Cirrhitops hubbardi","CIHU","Cirrhitidae","Hawkfish","SECONDARY",25,"Cirrhitidae","Micro-invertivore","Reef",1
"239","Cirrhitus pinnulatus","CIPI","Cirrhitidae","Hawkfish","SECONDARY",30,"Cirrhitidae","Micro-invertivore","Reef",1
"240","Cirripectes obscurus","CIOB","Blenniidae","Blenny","PRIMARY",13.4,"Blenniidae","Detritivore","Reef",1
"241","Cirripectes polyzona","CIPO","Blenniidae","Blenny","PRIMARY",13,"Blenniidae","Detritivore","Reef",1
"242","Cirripectes sp","CISP","Blenniidae","Blenny","PRIMARY",11,"Blenniidae","Detritivore","Reef",1
"243","Cirripectes sp","CISP","Blenniidae","Blenny","PRIMARY",11,"Blenniidae","Detritivore","Reef",1
"244","Cirripectes springeri","CISR","Blenniidae","Blenny","PRIMARY",10,"Blenniidae","Detritivore","Reef",1
"245","Cirripectes stigmaticus","CIST","Blenniidae","Blenny","PRIMARY",10,"Blenniidae","Detritivore","Reef",1
"246","Cirripectes vanderbilti","CIVA","Blenniidae","Blenny","PRIMARY",10,"Blenniidae","Detritivore","Reef",1
"247","Cirripectes variolosus","CIVR","Blenniidae","Blenny","PRIMARY",8.9,"Blenniidae","Detritivore","Reef",1
"248","Coris aygula","COAY","Labridae","Wrasse","SECONDARY",120,"Labridae","Macro-invertivore","Reef",1
"249","Coris ballieui","COBA","Labridae","Wrasse","SECONDARY",30,"Labridae","Micro-invertivore","Reef",1
"250","Coris centralis","COCE","Labridae","Wrasse","SECONDARY",9.2,"Labridae","Micro-invertivore","Reef",1
"251","Coris dorsomacula","CODO","Labridae","Wrasse","SECONDARY",38,"Labridae","Micro-invertivore","Reef",1
"252","Coris flavovittata","COFL","Labridae","Wrasse","SECONDARY",50.8,"Labridae","Macro-invertivore","Reef",1
"253","Coris gaimard","COGA","Labridae","Wrasse","SECONDARY",40,"Labridae","Macro-invertivore","Reef",1
"254","Coris venusta","COVE","Labridae","Wrasse","SECONDARY",19.3,"Labridae","Micro-invertivore","Reef",1
"255","Corythoichthys flavofasciatus","COFF","Syngnathidae","Pipefishes and seahorses","PLANKTIVORE",12,"Syngnathidae","Micro-invertivore","Reef",1
"256","Ctenochaetus binotatus","CTBI","Acanthuridae","Surgeonfish","PRIMARY",22,"Acanthuridae","Detritivore","Reef",1
"257","Ctenochaetus cyanocheilus","CTCY","Acanthuridae","Surgeonfish","PRIMARY",16,"Acanthuridae","Detritivore","Reef",1
"258","Ctenochaetus flavicauda","CTFL","Acanthuridae","Surgeonfish","PRIMARY",11.8,"Acanthuridae","Detritivore","Reef",1
"259","Ctenochaetus hawaiiensis","CTHA","Acanthuridae","Surgeonfish","PRIMARY",25,"Acanthuridae","Detritivore","Reef",1
"260","Ctenochaetus marginatus","CTMA","Acanthuridae","Surgeonfish","PRIMARY",27,"Acanthuridae","Detritivore","Reef",1
"261","Ctenochaetus sp","CTSP","Acanthuridae","Surgeonfish","PRIMARY",21,"Acanthuridae","Detritivore","Reef",1
"262","Ctenochaetus striatus","CTSR","Acanthuridae","Surgeonfish","PRIMARY",26,"Acanthuridae","Detritivore","Reef",1
"263","Ctenochaetus strigosus","CTST","Acanthuridae","Surgeonfish","PRIMARY",14.6,"Acanthuridae","Detritivore","Reef",1
"264","Ctenochaetus strigosus","CTST","Acanthuridae","Surgeonfish","PRIMARY",14.6,"Acanthuridae","Detritivore","Reef",1
"265","Cymolutes lecluse","CYLE","Labridae","Wrasse","SECONDARY",17.8,"Labridae","Macro-invertivore","Reef",1
"266","Dascyllus albisella","DAAL","Pomacentridae","Damselfish","PLANKTIVORE",13,"Pomacentridae","Planktivore","Reef",1
"267","Dascyllus aruanus","DAAR","Pomacentridae","Damselfish","PLANKTIVORE",10,"Pomacentridae","Planktivore","Reef",1
"268","Dascyllus auripinnis","DAAU","Pomacentridae","Damselfish","PLANKTIVORE",11.5,"Pomacentridae","Planktivore","Reef",1
"269","Dascyllus reticulatus","DARE","Pomacentridae","Damselfish","PLANKTIVORE",9,"Pomacentridae","Planktivore","Reef",1
"270","Dascyllus trimaculatus","DATR","Pomacentridae","Damselfish","PLANKTIVORE",11,"Pomacentridae","Planktivore","Reef",1
"271","Decapterus macarellus","DEMA","Carangidae","Jack","PLANKTIVORE",46,"Carangidae","Planktivore","Pelagic",0
"272","Dendrochirus barberi","DEBA","Scorpaenidae","Scorpionfish","SECONDARY",16.5,"Scorpaenidae","Pisci-invertivore","Reef",1
"273","Diodon holocanthus","DIHO","Diodontidae","Porcupinefish","SECONDARY",50,"Diodontidae","Spongivore","Reef",1
"274","Diodon hystrix","DIHY","Diodontidae","Porcupinefish","SECONDARY",91,"Diodontidae","Spongivore","Reef",1
"275","Echidna nebulosa","ECNE","Muraenidae","Moray","SECONDARY",100,"Muraenidae","Piscivore","Reef",1
"276","Ecsenius bicolor","ECBC","Blenniidae","Blenny","PLANKTIVORE",11,"Blenniidae","Detritivore","Reef",1
"277","Ecsenius midas","ECMI","Blenniidae","Blenny","PLANKTIVORE",13,"Blenniidae","Detritivore","Reef",1
"278","Ecsenius opsifrontalis","ECOP","Blenniidae","Blenny","PLANKTIVORE",5,"Blenniidae","Detritivore","Reef",1
"279","Elagatis bipinnulata","ELBI","Carangidae","Jack","PISCIVORE",180,"Carangidae","Piscivore","Reef",1
"280","Elagatis bipinnulata","ELBI","Carangidae","Jack","PISCIVORE",180,"Carangidae","Piscivore","Reef",1
"281","Enchelycore pardalis","ENPA","Muraenidae","Moray","PISCIVORE",92,"Muraenidae","Piscivore","Reef",1
"282","Enchelynassa canina","ENCA","Muraenidae","Moray","PISCIVORE",250,"Muraenidae","Piscivore","Reef",1
"283","Encrasicholina purpurea","ENPU","Engraulidae","Anchovy","PLANKTIVORE",7.5,"Engraulidae",NA,"Pelagic",0
"284","Epibulus insidiator","EPIN","Labridae","Wrasse","SECONDARY",54,"Labridae","Pisci-invertivore","Reef",1
"285","Epinephelus fasciatus","EPFA","Serranidae","Grouper","PISCIVORE",40,"Serranidae","Piscivore","Reef",1
"286","Epinephelus hexagonatus","EPHE","Serranidae","Grouper","PISCIVORE",27.5,"Serranidae","Piscivore","Reef",1
"287","Epinephelus howlandi","EPHO","Serranidae","Grouper","PISCIVORE",55,"Serranidae","Piscivore","Reef",1
"288","Epinephelus lanceolatus","EPLA","Serranidae","Grouper","PISCIVORE",270,"Serranidae","Piscivore","Reef",1
"289","Epinephelus macrospilos","EPMC","Serranidae","Grouper","PISCIVORE",51,"Serranidae","Piscivore","Reef",1
"290","Epinephelus maculatus","EPMA","Serranidae","Grouper","PISCIVORE",60.5,"Serranidae","Piscivore","Reef",1
"291","Epinephelus melanostigma","EPML","Serranidae","Grouper","PISCIVORE",35,"Serranidae","Piscivore","Reef",1
"292","Epinephelus merra","EPME","Serranidae","Grouper","PISCIVORE",32,"Serranidae","Piscivore","Reef",1
"293","Epinephelus polyphekadion","EPPO","Serranidae","Grouper","PISCIVORE",90,"Serranidae","Piscivore","Reef",1
"294","Epinephelus quernus","EPQU","Serranidae","Grouper","PISCIVORE",122,"Serranidae","Piscivore","Reef",1
"295","Epinephelus retouti","EPRE","Serranidae","Grouper","PISCIVORE",50,"Serranidae","Piscivore","Reef",1
"296","Epinephelus socialis","EPSO","Serranidae","Grouper","PISCIVORE",52,"Serranidae","Piscivore","Reef",1
"297","Epinephelus sp","EPSP","Serranidae","Grouper","PISCIVORE",51,"Serranidae","Piscivore","Reef",1
"298","Epinephelus spilotoceps","EPSL","Serranidae","Grouper","PISCIVORE",35,"Serranidae","Piscivore","Reef",1
"299","Epinephelus tauvina","EPTA","Serranidae","Grouper","PISCIVORE",90,"Serranidae","Piscivore","Reef",1
"300","Euthynnus affinis","EUAF","Scombridae","Tuna","PISCIVORE",100,"Scombridae","Piscivore","Pelagic",0
"301","Eviota sp","EVSP","Gobiidae","Goby","SECONDARY",3,"Gobiidae","Detritivore","Reef",1
"302","Exallias brevis","EXBR","Blenniidae","Blenny","SECONDARY",14.5,"Blenniidae","Corallivore","Reef",1
"303","Exallias brevis","EXBR","Blenniidae","Blenny","SECONDARY",14.5,"Blenniidae","Corallivore","Reef",1
"304","Fistularia commersonii","FICO","Fistulariidae","Cornetfish","PISCIVORE",160,"Fistulariidae","Piscivore","Reef",1
"305","Fistularia commersonii","FICO","Fistulariidae","Cornetfish","PISCIVORE",160,"Fistulariidae","Piscivore","Pelagic",0
"306","Forcipiger flavissimus","FOFL","Chaetodontidae","Butterflyfish","SECONDARY",22,"Chaetodontidae","Micro-invertivore","Reef",1
"307","Forcipiger flavissimus","FOFL","Chaetodontidae","Butterflyfish","SECONDARY",22,"Chaetodontidae","Micro-invertivore","Reef",1
"308","Forcipiger longirostris","FOLO","Chaetodontidae","Butterflyfish","SECONDARY",22,"Chaetodontidae","Micro-invertivore","Reef",1
"309","Forcipiger longirostris","FOLO","Chaetodontidae","Butterflyfish","SECONDARY",22,"Chaetodontidae","Micro-invertivore","Reef",1
"310","Fusigobius duospilus","FUDU","Gobiidae","Goby","SECONDARY",6,"Gobiidae","Detritivore","Reef",1
"311","Genicanthus personatus","GEPE","Pomacanthidae","Angelfish","PLANKTIVORE",21,"Pomacanthidae","Planktivore","Reef",1
"312","Genicanthus watanabei","GEWA","Pomacanthidae","Angelfish","PLANKTIVORE",15,"Pomacanthidae","Planktivore","Reef",1
"313","Gnathodentex aureolineatus","GNAU","Lethrinidae","Emperor","SECONDARY",30,"Lethrinidae","Pisci-invertivore","Reef",1
"314","Gnathodentex aureolineatus","GNAU","Lethrinidae","Emperor","SECONDARY",30,"Lethrinidae","Pisci-invertivore","Reef",1
"315","Gobiodon citrinus","GOCI","Gobiidae","Goby","SECONDARY",5,"Gobiidae","Detritivore","Reef",1
"316","Gobiodon citrinus","GOCI","Gobiidae","Goby","SECONDARY",6.6,"Gobiidae","Detritivore","Reef",1
"317","Gomphosus varius","GOVA","Labridae","Wrasse","SECONDARY",30,"Labridae","Micro-invertivore","Reef",1
"318","Gracila albomarginata","GRAL","Serranidae","Grouper","PISCIVORE",40,"Serranidae","Piscivore","Reef",1
"319","Gracila albomarginata","GRAL","Serranidae","Grouper","PISCIVORE",40,"Epinephilidae","Piscivore","Reef",1
"320","Grammistes sexlineatus","GRSE","Serranidae","Grouper","SECONDARY",30,"Serranidae","Piscivore","Reef",1
"321","Gunnellichthys curiosus","GUCU","Microdesmidae","Wormfish","PLANKTIVORE",12,"Microdesmidae","Planktivore","Reef",1
"322","Gymnomuraena zebra","GYZE","Muraenidae","Moray","SECONDARY",150,"Muraenidae","Pisci-invertivore","Reef",1
"323","Gymnosarda unicolor","GYUC","Scombridae","Tuna","PISCIVORE",248,"Scombridae","Piscivore","Pelagic",0
"324","Gymnothorax breedeni","GYBR","Muraenidae","Moray","PISCIVORE",100,"Muraenidae","Piscivore","Reef",1
"325","Gymnothorax eurostus","GYEU","Muraenidae","Moray","SECONDARY",60,"Muraenidae","Piscivore","Reef",1
"326","Gymnothorax flavimarginatus","GYFL","Muraenidae","Moray","PISCIVORE",240,"Muraenidae","Piscivore","Reef",1
"327","Gymnothorax javanicus","GYJA","Muraenidae","Moray","PISCIVORE",300,"Muraenidae","Piscivore","Reef",1
"328","Gymnothorax melatremus","GYMT","Muraenidae","Moray","SECONDARY",30,"Muraenidae","Piscivore","Reef",1
"329","Gymnothorax meleagris","GYME","Muraenidae","Moray","PISCIVORE",120,"Muraenidae","Piscivore","Reef",1
"330","Gymnothorax sp","GYSP","Muraenidae","Moray","PISCIVORE",110,"Muraenidae","Piscivore","Reef",1
"331","Gymnothorax steindachneri","GYST","Muraenidae","Moray","PISCIVORE",91,"Muraenidae","Piscivore","Reef",1
"332","Gymnothorax undulatus","GYUN","Muraenidae","Moray","PISCIVORE",150,"Muraenidae","Piscivore","Reef",1
"333","Halichoeres biocellatus","HABI","Labridae","Wrasse","SECONDARY",12,"Labridae","Micro-invertivore","Reef",1
"334","Halichoeres hortulanus","HAHO","Labridae","Wrasse","SECONDARY",27,"Labridae","Micro-invertivore","Reef",1
"335","Halichoeres margaritaceus","HAMT","Labridae","Wrasse","SECONDARY",12.5,"Labridae","Micro-invertivore","Reef",1
"336","Halichoeres margaritaceus","HAMT","Labridae","Wrasse","SECONDARY",12.5,"Labridae","Micro-invertivore","Reef",1
"337","Halichoeres marginatus","HAMA","Labridae","Wrasse","SECONDARY",18,"Labridae","Micro-invertivore","Reef",1
"338","Halichoeres melanurus","HAML","Labridae","Wrasse","SECONDARY",12,"Labridae","Micro-invertivore","Reef",1
"339","Halichoeres melasmapomus","HAME","Labridae","Wrasse","SECONDARY",24,"Labridae","Micro-invertivore","Reef",1
"340","Halichoeres ornatissimus","HAOR","Labridae","Wrasse","SECONDARY",18,"Labridae","Micro-invertivore","Reef",1
"341","Halichoeres prosopeion","HAPR","Labridae","Wrasse","SECONDARY",13,"Labridae","Micro-invertivore","Reef",1
"342","Halichoeres sp","HASP","Labridae","Wrasse","SECONDARY",23,"Labridae","Micro-invertivore","Reef",1
"343","Halichoeres trimaculatus","HATR","Labridae","Wrasse","SECONDARY",27,"Labridae","Micro-invertivore","Reef",1
"344","Hemigymnus fasciatus","HEFA","Labridae","Wrasse","SECONDARY",80,"Labridae","Macro-invertivore","Reef",1
"345","Hemigymnus melapterus","HEME","Labridae","Wrasse","SECONDARY",90,"Labridae","Macro-invertivore","Reef",1
"346","Hemitaurichthys polylepis","HEPO","Chaetodontidae","Butterflyfish","PLANKTIVORE",18,"Chaetodontidae","Planktivore","Reef",1
"347","Hemitaurichthys polylepis","HEPO","Chaetodontidae","Butterflyfish","PLANKTIVORE",18,"Chaetodontidae","Planktivore","Reef",1
"348","Hemitaurichthys thompsoni","HETH","Chaetodontidae","Butterflyfish","PLANKTIVORE",18,"Chaetodontidae","Planktivore","Reef",1
"349","Heniochus acuminatus","HEAC","Chaetodontidae","Butterflyfish","PLANKTIVORE",25,"Chaetodontidae","Micro-invertivore","Reef",1
"350","Heniochus chrysostomus","HECH","Chaetodontidae","Butterflyfish","SECONDARY",18,"Chaetodontidae","Micro-invertivore","Reef",1
"351","Heniochus chrysostomus","HECH","Chaetodontidae","Butterflyfish","SECONDARY",18,"Chaetodontidae","Micro-invertivore","Reef",1
"352","Heniochus diphreutes","HEDI","Chaetodontidae","Butterflyfish","PLANKTIVORE",21,"Chaetodontidae","Micro-invertivore","Reef",1
"353","Heniochus monoceros","HEMO","Chaetodontidae","Butterflyfish","SECONDARY",24,"Chaetodontidae","Micro-invertivore","Reef",1
"354","Heniochus monoceros","HEMO","Chaetodontidae","Butterflyfish","SECONDARY",24,"Chaetodontidae","Micro-invertivore","Reef",1
"355","Heniochus singularius","HESI","Chaetodontidae","Butterflyfish","SECONDARY",30,"Chaetodontidae","Corallivore","Reef",1
"356","Heniochus singularius","HESI","Chaetodontidae","Butterflyfish","SECONDARY",30,"Chaetodontidae","Corallivore","Reef",1
"357","Heniochus singularius","HESI","Chaetodontidae","Butterflyfish","SECONDARY",30,"Chaetodontidae","Corallivore","Reef",1
"358","Heniochus varius","HEVA","Chaetodontidae","Butterflyfish","SECONDARY",19,"Chaetodontidae","Micro-invertivore","Reef",1
"359","Heteropriacanthus cruentatus","HECR","Priacanthidae","Bigeye","PLANKTIVORE",50.7,"Priacanthidae","Planktivore","Reef",1
"360","Hipposcarus longiceps","HILO","Scaridae","Parrotfish","PRIMARY",60,"Scaridae","Excavator/scraper","Reef",1
"361","Hologymnosus annulatus","HOAN","Labridae","Wrasse","SECONDARY",40,"Labridae","Pisci-invertivore","Reef",1
"362","Hologymnosus doliatus","HODO","Labridae","Wrasse","SECONDARY",50,"Labridae","Pisci-invertivore","Reef",1
"363","Hoplolatilus starcki","HOST","Malacanthidae","Tilefish","SECONDARY",15.5,"Malacanthidae","Planktivore","Reef",1
"364","Iniistius aneitensis","INAN","Labridae","Wrasse","SECONDARY",24,"Labridae","Micro-invertivore","Reef",1
"365","Iniistius pavo","INPA","Labridae","Wrasse","SECONDARY",41,"Labridae","Micro-invertivore","Reef",1
"366","Iniistius umbrilatus","INUM","Labridae","Wrasse","SECONDARY",17.5,"Labridae","Micro-invertivore","Reef",1
"367","Istigobius decoratus","ISDE","Gobiidae","Goby","SECONDARY",13,"Gobiidae","Detritivore","Reef",1
"368","Istigobius sp","ISSP","Gobiidae","Goby","PLANKTIVORE",13,"Gobiidae","Detritivore","Reef",1
"369","Kuhlia sandvicensis","KUSA","Kuhliidae","Aholehole","PLANKTIVORE",21.4,"Kuhliidae","Pisci-invertivore","Reef",1
"370","Kyphosus cinerascens","KYCI","Kyphosidae","Chub","PRIMARY",50,"Kyphosidae","Browser","Reef",1
"371","Kyphosus hawaiiensis","KYHA","Kyphosidae","Chub","PRIMARY",41,"Kyphosidae","Browser","Reef",1
"372","Kyphosus pacificus","KYPA","Kyphosidae","Chub","PRIMARY",45,"Kyphosidae","Browser","Reef",1
"373","Kyphosus sandwicensis","KYSA","Kyphosidae","Chub","PRIMARY",75,"Kyphosidae","Browser","Reef",1
"374","Kyphosus sp","CHUB","Kyphosidae","Chub","PRIMARY",75,"Kyphosidae","Browser","Reef",1
"375","Kyphosus sp","CHUB","Kyphosidae","Chub","PRIMARY",75,"Kyphosidae","Browser","Reef",1
"376","Kyphosus sp","CHUB","Kyphosidae","Chub","PRIMARY",75,"Kyphosidae","Browser","Reef",1
"377","Kyphosus vaigiensis","KYVA","Kyphosidae","Chub","PRIMARY",70,"Kyphosidae","Browser","Reef",1
"378","Labrichthys unilineatus","LAUN","Labridae","Wrasse","SECONDARY",17.5,"Labridae","Corallivore","Reef",1
"379","Labroides bicolor","LABI","Labridae","Wrasse","SECONDARY",15,"Labridae","Micro-invertivore","Reef",1
"380","Labroides dimidiatus","LADI","Labridae","Wrasse","SECONDARY",14,"Labridae","Micro-invertivore","Reef",1
"381","Labroides pectoralis","LAPE","Labridae","Wrasse","SECONDARY",11,"Labridae","Micro-invertivore","Reef",1
"382","Labroides phthirophagus","LAPH","Labridae","Wrasse","SECONDARY",12,"Labridae","Micro-invertivore","Reef",1
"383","Labroides rubrolabiatus","LARU","Labridae","Wrasse","SECONDARY",9,"Labridae","Micro-invertivore","Reef",1
"384","Labropsis xanthonota","LAXA","Labridae","Wrasse","SECONDARY",13,"Labridae","Corallivore","Reef",1
"385","Lactoria fornasini","LAFO","Ostraciidae","Boxfish","SECONDARY",23,"Ostraciidae","Micro-invertivore","Reef",1
"386","Lepidozygus tapeinosoma","LETA","Pomacentridae","Damselfish","PLANKTIVORE",10.5,"Pomacentridae","Planktivore","Reef",1
"387","Lethrinus erythracanthus","LEER","Lethrinidae","Emperor","SECONDARY",70,"Lethrinidae","Pisci-invertivore","Reef",1
"388","Lethrinus harak","LEHA","Lethrinidae","Emperor","SECONDARY",50,"Lethrinidae","Pisci-invertivore","Reef",1
"389","Lethrinus obsoletus","LEOB","Lethrinidae","Emperor","SECONDARY",60,"Lethrinidae","Pisci-invertivore","Reef",1
"390","Lethrinus olivaceus","LEOL","Lethrinidae","Emperor","PISCIVORE",100,"Lethrinidae","Pisci-invertivore","Reef",1
"391","Lethrinus rubrioperculatus","LERU","Lethrinidae","Emperor","SECONDARY",50,"Lethrinidae","Pisci-invertivore","Reef",1
"392","Lethrinus sp","LETH","Lethrinidae","Emperor","SECONDARY",70,"Lethrinidae","Pisci-invertivore","Reef",1
"393","Lethrinus xanthochilus","LEXA","Lethrinidae","Emperor","PISCIVORE",70,"Lethrinidae","Pisci-invertivore","Reef",1
"394","Lutjanus bohar","LUBO","Lutjanidae","Snapper","PISCIVORE",90,"Lutjanidae","Piscivore","Reef",1
"395","Lutjanus fulvus","LUFU","Lutjanidae","Snapper","SECONDARY",40,"Lutjanidae","Pisci-invertivore","Reef",1
"396","Lutjanus gibbus","LUGI","Lutjanidae","Snapper","SECONDARY",50,"Lutjanidae","Pisci-invertivore","Reef",1
"397","Lutjanus kasmira","LUKA","Lutjanidae","Snapper","SECONDARY",40,"Lutjanidae","Pisci-invertivore","Reef",1
"398","Lutjanus monostigma","LUMO","Lutjanidae","Snapper","PISCIVORE",60,"Lutjanidae","Pisci-invertivore","Reef",1
"399","Lutjanus semicinctus","LUSE","Lutjanidae","Snapper","PISCIVORE",35,"Lutjanidae","Pisci-invertivore","Reef",1
"400","Luzonichthys whitleyi","LUWH","Serranidae","Anthias","PLANKTIVORE",5.8,"Serranidae","Planktivore","Reef",1
"401","Macolor macularis","MAMA","Lutjanidae","Snapper","PLANKTIVORE",60,"Lutjanidae","Pisci-invertivore","Reef",1
"402","Macolor niger","MANI","Lutjanidae","Snapper","PLANKTIVORE",75,"Lutjanidae","Pisci-invertivore","Reef",1
"403","Macolor niger","MANI","Lutjanidae","Snapper","PLANKTIVORE",75,"Lutjanidae","Pisci-invertivore","Reef",1
"404","Macolor sp","MACO","Lutjanidae","Snapper","PLANKTIVORE",75,"Lutjanidae","Pisci-invertivore","Reef",1
"405","Macropharyngodon geoffroy","MAGE","Labridae","Wrasse","SECONDARY",15,"Labridae","Micro-invertivore","Reef",1
"406","Macropharyngodon meleagris","MAME","Labridae","Wrasse","SECONDARY",15,"Labridae","Micro-invertivore","Reef",1
"407","Malacanthus brevirostris","MABR","Malacanthidae","Tilefish","SECONDARY",32,"Malacanthidae","Macro-invertivore","Reef",1
"408","Malacanthus latovittatus","MALA","Malacanthidae","Tilefish","SECONDARY",45,"Malacanthidae","Macro-invertivore","Reef",1
"409","Manta birostris","MABI","Myliobatidae","Manta Ray","PLANKTIVORE",910,"Mobulidae","Planktivore","Pelagic",0
"410","Meiacanthus atrodorsalis","MEAT","Blenniidae","Blenny","PLANKTIVORE",11,"Blenniidae","Micro-invertivore","Reef",1
"411","Melichthys niger","MENI","Balistidae","Triggerfish","PLANKTIVORE",50,"Balistidae","Planktivore","Reef",1
"412","Melichthys vidua","MEVI","Balistidae","Triggerfish","PRIMARY",40,"Balistidae","Planktivore","Reef",1
"413","Monotaxis grandoculis","MOGR","Lethrinidae","Emperor","SECONDARY",60,"Lethrinidae","Macro-invertivore","Reef",1
"414","Mulloidichthys flavolineatus","MUFL","Mullidae","Goatfish","SECONDARY",43,"Mullidae","Macro-invertivore","Reef",1
"415","Mulloidichthys mimicus","MUMI","Mullidae","Goatfish","SECONDARY",30,"Mullidae","Pisci-invertivore","Reef",1
"416","Mulloidichthys pfluegeri","MUPF","Mullidae","Goatfish","SECONDARY",40,"Mullidae","Pisci-invertivore","Reef",1
"417","Mulloidichthys vanicolensis","MUVA","Mullidae","Goatfish","SECONDARY",38,"Mullidae","Pisci-invertivore","Reef",1
"418","Myrichthys magnificus","MYMA","Ophichthidae","Worm or Snake Eel","SECONDARY",78,"Ophichthidae","Pisci-invertivore","Reef",1
"419","Myripristis adusta","MYAD","Holocentridae","Soldierfish","PLANKTIVORE",35,"Holocentridae","Planktivore","Nocturnal",0
"420","Myripristis amaena","MYAM","Holocentridae","Soldierfish","PLANKTIVORE",26.5,"Holocentridae","Planktivore","Nocturnal",0
"421","Myripristis berndti","MYBE","Holocentridae","Soldierfish","PLANKTIVORE",30,"Holocentridae","Planktivore","Nocturnal",0
"422","Myripristis chryseres","MYCH","Holocentridae","Soldierfish","PLANKTIVORE",25,"Holocentridae","Planktivore","Nocturnal",0
"423","Myripristis earlei","MYEA","Holocentridae","Soldierfish","SECONDARY",24,"Holocentridae","Planktivore","Nocturnal",0
"424","Myripristis kuntee","MYKU","Holocentridae","Soldierfish","PLANKTIVORE",26,"Holocentridae","Planktivore","Nocturnal",0
"425","Myripristis murdjan","MYMU","Holocentridae","Soldierfish","PLANKTIVORE",60,"Holocentridae","Planktivore","Nocturnal",0
"426","Myripristis violacea","MYVL","Holocentridae","Soldierfish","SECONDARY",35,"Holocentridae","Planktivore","Nocturnal",0
"427","Myripristis vittata","MYVI","Holocentridae","Soldierfish","PLANKTIVORE",25,"Holocentridae","Planktivore","Nocturnal",0
"428","Myripristis woodsi","MYWO","Holocentridae","Soldierfish","PLANKTIVORE",25,"Holocentridae","Planktivore","Nocturnal",0
"429","Naso annulatus","NAAN","Acanthuridae","Surgeonfish","PLANKTIVORE",100,"Acanthuridae","Planktivore","Reef",1
"430","Naso brachycentron","NABH","Acanthuridae","Surgeonfish","PRIMARY",90,"Acanthuridae","Browser","Reef",1
"431","Naso brevirostris","NABR","Acanthuridae","Surgeonfish","PLANKTIVORE",60,"Acanthuridae","Planktivore","Reef",1
"432","Naso brevirostris","NABR","Acanthuridae","Surgeonfish","PLANKTIVORE",60,"Acanthuridae","Planktivore","Reef",1
"433","Naso caesius","NACA","Acanthuridae","Surgeonfish","PLANKTIVORE",45.6,"Acanthuridae","Planktivore","Reef",1
"434","Naso hexacanthus","NAHE","Acanthuridae","Surgeonfish","PLANKTIVORE",75,"Acanthuridae","Planktivore","Reef",1
"435","Naso lituratus","NALI","Acanthuridae","Surgeonfish","PRIMARY",46,"Acanthuridae","Browser","Reef",1
"436","Naso lopezi","NALO","Acanthuridae","Surgeonfish","PLANKTIVORE",60,"Acanthuridae","Planktivore","Reef",1
"437","Naso maculatus","NAMA","Acanthuridae","Surgeonfish","PLANKTIVORE",60,"Acanthuridae","Planktivore","Reef",1
"438","Naso sp","NASP","Acanthuridae","Surgeonfish","PLANKTIVORE",60,"Acanthuridae","Planktivore","Reef",1
"439","Naso thynnoides","NATH","Acanthuridae","Surgeonfish","PRIMARY",40,"Acanthuridae","Planktivore","Reef",1
"440","Naso tonganus","NATO","Acanthuridae","Surgeonfish","PRIMARY",60,"Acanthuridae","Browser","Reef",1
"441","Naso unicornis","NAUN","Acanthuridae","Surgeonfish","PRIMARY",70,"Acanthuridae","Browser","Reef",1
"442","Naso vlamingii","NAVL","Acanthuridae","Surgeonfish","PLANKTIVORE",60,"Acanthuridae","Planktivore","Reef",1
"443","Naso vlamingii","NAVL","Acanthuridae","Surgeonfish","PLANKTIVORE",60,"Acanthuridae","Planktivore","Reef",1
"444","Nebrius ferrugineus","NEFE","Ginglymostomatidae","Nurse","PISCIVORE",320,"Ginglymostomatidae","Pisci-invertivore","Shark",0
"445","Nemateleotris helfrichi","NEHE","Microdesmidae","Dartfish","PLANKTIVORE",6,"Microdesmidae","Planktivore","Reef",1
"446","Nemateleotris magnifica","NEMA","Microdesmidae","Dartfish","PLANKTIVORE",9,"Microdesmidae","Planktivore","Reef",1
"447","Neocirrhites armatus","NEAR","Cirrhitidae","Hawkfish","SECONDARY",9,"Cirrhitidae","Micro-invertivore","Reef",1
"448","Neoniphon argenteus","NEAG","Holocentridae","Soldierfish","SECONDARY",24,"Holocentridae","Pisci-invertivore","Nocturnal",0
"449","Neoniphon aurolineatus","NEAU","Holocentridae","Soldierfish","SECONDARY",25,"Holocentridae","Pisci-invertivore","Nocturnal",0
"450","Neoniphon opercularis","NEOP","Holocentridae","Soldierfish","SECONDARY",35,"Holocentridae","Pisci-invertivore","Nocturnal",0
"451","Neoniphon sammara","NESA","Holocentridae","Soldierfish","SECONDARY",32,"Holocentridae","Pisci-invertivore","Nocturnal",0
"452","Neoniphon sp","NESP","Holocentridae","Soldierfish","SECONDARY",30,"Holocentridae","Pisci-invertivore","Nocturnal",0
"453","Neopomacentrus metallicus","NEME","Pomacentridae","Damselfish","PLANKTIVORE",6,"Pomacentridae","Planktivore","Reef",1
"454","Novaculichthys taeniourus","NOTA","Labridae","Wrasse","SECONDARY",30,"Labridae","Macro-invertivore","Reef",1
"455","Odonus niger","ODNI","Balistidae","Triggerfish","PLANKTIVORE",50,"Balistidae","Planktivore","Reef",1
"456","Oplegnathus fasciatus","OPFA","Oplegnathidae","Knifejaw","SECONDARY",80,"Oplegnathidae","Macro-invertivore","Reef",1
"457","Oplegnathus punctatus","OPPU","Oplegnathidae","Knifejaw","SECONDARY",86,"Oplegnathidae","Macro-invertivore","Reef",1
"458","Ostracion cubicus","OSCU","Ostraciidae","Boxfish","PRIMARY",45,"Ostraciidae","Micro-invertivore","Reef",1
"459","Ostracion meleagris","OSME","Ostraciidae","Boxfish","SECONDARY",25,"Ostraciidae","Micro-invertivore","Reef",1
"460","Ostracion whitleyi","OSWH","Ostraciidae","Boxfish","SECONDARY",15.5,"Ostraciidae","Micro-invertivore","Reef",1
"461","Oxycheilinus bimaculatus","OXBI","Labridae","Wrasse","SECONDARY",15,"Labridae","Pisci-invertivore","Reef",1
"462","Oxycheilinus digramma","OXDI","Labridae","Wrasse","PISCIVORE",40,"Labridae","Pisci-invertivore","Reef",1
"463","Oxycheilinus digramma","OXDI","Labridae","Wrasse","PISCIVORE",40,"Labridae","Pisci-invertivore","Reef",1
"464","Oxycheilinus digramma","OXDI","Labridae","Wrasse","PISCIVORE",40,"Labridae","Pisci-invertivore","Reef",1
"465","Oxycheilinus digramma","OXDI","Labridae","Wrasse","PISCIVORE",40,"Labridae","Pisci-invertivore","Reef",1
"466","Oxycheilinus sp","OXSP","Labridae","Wrasse","SECONDARY",40,"Labridae","Pisci-invertivore","Reef",1
"467","Oxycheilinus unifasciatus","OXUN","Labridae","Wrasse","PISCIVORE",46,"Labridae","Pisci-invertivore","Reef",1
"468","Oxycheilinus unifasciatus","OXUN","Labridae","Wrasse","PISCIVORE",46,"Labridae","Pisci-invertivore","Reef",1
"469","Oxycirrhites typus","OXTY","Cirrhitidae","Hawkfish","PLANKTIVORE",13,"Cirrhitidae","Micro-invertivore","Reef",1
"470","Oxymonacanthus longirostris","OXLO","Monacanthidae","Filefish","SECONDARY",12,"Monacanthidae","Micro-invertivore","Reef",1
"471","Oxymonacanthus longirostris","OXLO","Monacanthidae","Filefish","SECONDARY",12,"Monacanthidae","Micro-invertivore","Reef",1
"472","Paracanthurus hepatus","PAHP","Acanthuridae","Surgeonfish","PLANKTIVORE",31,"Acanthuridae","Planktivore","Reef",1
"473","Paracirrhites arcatus","PAAR","Cirrhitidae","Hawkfish","SECONDARY",20,"Cirrhitidae","Micro-invertivore","Reef",1
"474","Paracirrhites forsteri","PAFO","Cirrhitidae","Hawkfish","PISCIVORE",22,"Cirrhitidae","Micro-invertivore","Reef",1
"475","Paracirrhites hemistictus","PAHE","Cirrhitidae","Hawkfish","PISCIVORE",29,"Cirrhitidae","Micro-invertivore","Reef",1
"476","Paracirrhites xanthus","PAXA","Cirrhitidae","Hawkfish","SECONDARY",10,"Cirrhitidae","Micro-invertivore","Reef",1
"477","Paraluteres prionurus","PAPR","Monacanthidae","Filefish","SECONDARY",11,"Monacanthidae","Micro-invertivore","Reef",1
"478","Parapercis clathrata","PACL","Pinguipedidae","Sandperch","SECONDARY",24,"Pinguipedidae","Piscivore","Reef",1
"479","Parapercis millepunctata","PAMI","Pinguipedidae","Sandperch","SECONDARY",18,"Pinguipedidae","Piscivore","Reef",1
"480","Parapercis schauinslandii","PASC","Pinguipedidae","Sandperch","SECONDARY",18,"Pinguipedidae","Piscivore","Reef",1
"481","Parapercis sp","SNDP","Pinguipedidae","Sandperch","SECONDARY",20,"Pinguipedidae","Piscivore","Reef",1
"482","Parupeneus barberinus","PABA","Mullidae","Goatfish","SECONDARY",60,"Mullidae","Macro-invertivore","Reef",1
"483","Parupeneus barberinus","PABA","Mullidae","Goatfish","SECONDARY",60,"Mullidae","Macro-invertivore","Reef",1
"484","Parupeneus chrysonemus","PACH","Mullidae","Goatfish","SECONDARY",19.6,"Mullidae","Micro-invertivore","Reef",1
"485","Parupeneus crassilabris","PACR","Mullidae","Goatfish","SECONDARY",38,"Mullidae","Macro-invertivore","Reef",1
"486","Parupeneus cyclostomus","PACY","Mullidae","Goatfish","PISCIVORE",50,"Mullidae","Pisci-invertivore","Reef",1
"487","Parupeneus insularis","PAIN","Mullidae","Goatfish","SECONDARY",30,"Mullidae","Macro-invertivore","Reef",1
"488","Parupeneus multifasciatus","PAMU","Mullidae","Goatfish","SECONDARY",35,"Mullidae","Macro-invertivore","Reef",1
"489","Parupeneus multifasciatus","PAMU","Mullidae","Goatfish","SECONDARY",35,"Mullidae","Macro-invertivore","Reef",1
"490","Parupeneus pleurostigma","PAPL","Mullidae","Goatfish","SECONDARY",33,"Mullidae","Macro-invertivore","Reef",1
"491","Parupeneus porphyreus","PAPO","Mullidae","Goatfish","SECONDARY",51,"Mullidae","Pisci-invertivore","Reef",1
"492","Pempheris oualensis","PEOU","Pempheridae","Sweeper","PLANKTIVORE",22,"Pempheridae","Planktivore","Reef",1
"493","Pervagor aspricaudus","PEAS","Monacanthidae","Filefish","SECONDARY",13,"Monacanthidae","Micro-invertivore","Reef",1
"494","Pervagor janthinosoma","PEJA","Monacanthidae","Filefish","SECONDARY",13,"Monacanthidae","Micro-invertivore","Reef",1
"495","Pervagor marginalis","PEMA","Monacanthidae","Filefish","SECONDARY",6.2,"Monacanthidae","Micro-invertivore","Reef",1
"496","Pervagor melanocephalus","PEME","Monacanthidae","Filefish","SECONDARY",16,"Monacanthidae","Micro-invertivore","Reef",1
"497","Pervagor sp","PERV","Monacanthidae","Filefish","SECONDARY",10,"Monacanthidae","Micro-invertivore","Reef",1
"498","Pervagor spilosoma","PESP","Monacanthidae","Filefish","SECONDARY",18,"Monacanthidae","Micro-invertivore","Reef",1
"499","Plagiotremus ewaensis","PLEW","Blenniidae","Blenny","SECONDARY",10.2,"Blenniidae","Micro-invertivore","Reef",1
"500","Plagiotremus goslinei","PLGO","Blenniidae","Blenny","SECONDARY",6.3,"Blenniidae","Micro-invertivore","Reef",1
"501","Plagiotremus rhinorhynchos","PLRH","Blenniidae","Blenny","SECONDARY",12,"Blenniidae","Micro-invertivore","Reef",1
"502","Plagiotremus tapeinosoma","PLTA","Blenniidae","Blenny","SECONDARY",14,"Blenniidae","Micro-invertivore","Reef",1
"503","Platax orbicularis","PLOR","Ephippidae","Spadefish","SECONDARY",60,"Ephippidae",NA,"Pelagic",0
"504","Platax teira","PLTE","Ephippidae","Spadefish","SECONDARY",70,"Ephippidae",NA,"Pelagic",0
"505","Platybelone argalus","PLAR","Belonidae","Needlefish","PISCIVORE",50,"Belonidae","Piscivore","Pelagic",0
"506","Plectorhinchus albovittatus","PLAB","Haemulidae","Grunt","SECONDARY",100,"Haemulidae","Pisci-invertivore","Reef",1
"507","Plectorhinchus gibbosus","PLGI","Haemulidae","Grunt","SECONDARY",75,"Haemulidae","Micro-invertivore","Reef",1
"508","Plectorhinchus picus","PLPI","Haemulidae","Grunt","SECONDARY",84,"Haemulidae","Micro-invertivore","Reef",1
"509","Plectorhinchus vittatus","PLVI","Haemulidae","Grunt","SECONDARY",72,"Haemulidae","Micro-invertivore","Reef",1
"510","Plectroglyphidodon dickii","PLDI","Pomacentridae","Damselfish","SECONDARY",11,"Pomacentridae","Micro-invertivore","Reef",1
"511","Plectroglyphidodon imparipennis","PLIM","Pomacentridae","Damselfish","SECONDARY",6,"Pomacentridae","Micro-invertivore","Reef",1
"512","Plectroglyphidodon johnstonianus","PLJO","Pomacentridae","Damselfish","SECONDARY",14,"Pomacentridae","Corallivore","Reef",1
"513","Plectroglyphidodon lacrymatus","PLLA","Pomacentridae","Damselfish","PLANKTIVORE",10,"Pomacentridae","Grazer","Reef",1
"514","Plectroglyphidodon leucozonus","PLLE","Pomacentridae","Damselfish","PRIMARY",12,"Pomacentridae","Grazer","Reef",1
"515","Plectroglyphidodon phoenixensis","PLPH","Pomacentridae","Damselfish","PRIMARY",9,"Pomacentridae","Grazer","Reef",1
"516","Plectroglyphidodon sindonis","PLSI","Pomacentridae","Damselfish","PRIMARY",10,"Pomacentridae","Grazer","Reef",1
"517","Plectropomus areolatus","PLAL","Serranidae","Grouper","PISCIVORE",80,"Serranidae","Piscivore","Reef",1
"518","Plectropomus laevis","PLLV","Serranidae","Grouper","PISCIVORE",125,"Serranidae","Piscivore","Reef",1
"519","Pogonoperca punctata","POPU","Serranidae","Grouper","PISCIVORE",35,"Serranidae","Piscivore","Reef",1
"520","Pomacanthus imperator","POIM","Pomacanthidae","Angelfish","SECONDARY",40,"Pomacanthidae","Spongivore","Reef",1
"521","Pomacentrus brachialis","POBR","Pomacentridae","Damselfish","PLANKTIVORE",8,"Pomacentridae","Planktivore","Reef",1
"522","Pomacentrus coelestis","POCO","Pomacentridae","Damselfish","PLANKTIVORE",9,"Pomacentridae","Planktivore","Reef",1
"523","Pomacentrus pavo","POPA","Pomacentridae","Damselfish","PLANKTIVORE",8.5,"Pomacentridae","Spongivore","Reef",1
"524","Pomacentrus philippinus","POPH","Pomacentridae","Damselfish","PLANKTIVORE",10,"Pomacentridae","Planktivore","Reef",1
"525","Pomacentrus vaiuli","POVA","Pomacentridae","Damselfish","PLANKTIVORE",10,"Pomacentridae","Spongivore","Reef",1
"526","Pomachromis guamensis","POGU","Pomacentridae","Damselfish","PLANKTIVORE",4.5,"Pomacentridae","Planktivore","Reef",1
"527","Pomachromis richardsoni","PORI","Pomacentridae","Damselfish","PLANKTIVORE",6,"Pomacentridae","Planktivore","Reef",1
"528","Priacanthus hamrur","PRHA","Priacanthidae","Bigeye","PLANKTIVORE",45,"Priacanthidae","Pisci-invertivore","Reef",1
"529","Priacanthus meeki","PRME","Priacanthidae","Bigeye","PLANKTIVORE",33,"Priacanthidae","Pisci-invertivore","Reef",1
"530","Priacanthus sp","BIGE","Priacanthidae","Bigeye","PLANKTIVORE",33,"Priacanthidae","Pisci-invertivore","Reef",1
"531","Pseudanthias bartlettorum","PSBA","Serranidae","Anthias","PLANKTIVORE",9,"Serranidae","Planktivore","Reef",1
"532","Pseudanthias bicolor","PSBI","Serranidae","Anthias","PLANKTIVORE",13,"Serranidae","Planktivore","Reef",1
"533","Pseudanthias cooperi","PSCO","Serranidae","Anthias","PLANKTIVORE",14,"Serranidae","Planktivore","Reef",1
"534","Pseudanthias dispar","PSDI","Serranidae","Anthias","PLANKTIVORE",9.5,"Serranidae","Planktivore","Reef",1
"535","Pseudanthias olivaceus","PSOL","Serranidae","Anthias","PLANKTIVORE",8.8,"Serranidae","Planktivore","Reef",1
"536","Pseudanthias pascalus","PSPA","Serranidae","Anthias","PLANKTIVORE",20,"Serranidae","Planktivore","Reef",1
"537","Pseudanthias thompsoni","PSTH","Serranidae","Anthias","PLANKTIVORE",22,"Serranidae","Planktivore","Reef",1
"538","Pseudobalistes flavimarginatus","PSFL","Balistidae","Triggerfish","SECONDARY",60,"Balistidae","Macro-invertivore","Reef",1
"539","Pseudobalistes fuscus","PSFU","Balistidae","Triggerfish","SECONDARY",55,"Balistidae","Macro-invertivore","Reef",1
"540","Pseudocaranx dentex","PSDE","Carangidae","Jack","PISCIVORE",122,"Carangidae","Piscivore","Pelagic",0
"541","Pseudocheilinus evanidus","PSEV","Labridae","Wrasse","SECONDARY",9,"Labridae","Micro-invertivore","Reef",1
"542","Pseudocheilinus hexataenia","PSHE","Labridae","Wrasse","SECONDARY",10,"Labridae","Micro-invertivore","Reef",1
"543","Pseudocheilinus octotaenia","PSOC","Labridae","Wrasse","SECONDARY",14,"Labridae","Micro-invertivore","Reef",1
"544","Pseudocheilinus tetrataenia","PSTE","Labridae","Wrasse","SECONDARY",7.5,"Labridae","Micro-invertivore","Reef",1
"545","Pseudocoris aurantiofasciata","PSAU","Labridae","Wrasse","SECONDARY",20,"Labridae","Planktivore","Reef",1
"546","Pseudocoris heteroptera","PSHT","Labridae","Wrasse","SECONDARY",20,"Labridae","Planktivore","Reef",1
"547","Pseudocoris yamashiroi","PSYA","Labridae","Wrasse","PLANKTIVORE",16,"Labridae","Planktivore","Reef",1
"548","Pseudodax moluccanus","PSMO","Labridae","Wrasse","SECONDARY",30,"Labridae","Micro-invertivore","Reef",1
"549","Pseudojuloides atavai","PSAT","Labridae","Wrasse","SECONDARY",13,"Labridae","Micro-invertivore","Reef",1
"550","Pseudojuloides cerasinus","PSCE","Labridae","Wrasse","SECONDARY",12.3,"Labridae","Micro-invertivore","Reef",1
"551","Psilogobius mainlandi","PSMA","Gobiidae","Goby","SECONDARY",3.7,"Gobiidae","Detritivore","Reef",1
"552","Pteragogus cryptus","PTCR","Labridae","Wrasse","SECONDARY",9.5,"Labridae","Micro-invertivore","Reef",1
"553","Pteragogus enneacanthus","PTEN","Labridae","Wrasse","SECONDARY",15,"Labridae","Micro-invertivore","Reef",1
"554","Ptereleotris evides","PTEV","Ptereleotridae","Dartfish","PLANKTIVORE",14,"Microdesmidae","Planktivore","Reef",1
"555","Ptereleotris heteroptera","PTHE","Ptereleotridae","Dartfish","PLANKTIVORE",14,"Microdesmidae","Planktivore","Reef",1
"556","Ptereleotris microlepis","PTMI","Ptereleotridae","Dartfish","PLANKTIVORE",13,"Microdesmidae","Planktivore","Reef",1
"557","Ptereleotris zebra","PTZE","Ptereleotridae","Dartfish","PLANKTIVORE",12,"Microdesmidae","Planktivore","Reef",1
"558","Pterocaesio marri","PTMA","Caesionidae","Fusilier","PLANKTIVORE",35,"Caesionidae","Planktivore","Pelagic",0
"559","Pterocaesio tile","PTTI","Caesionidae","Fusilier","PLANKTIVORE",30,"Caesionidae","Planktivore","Pelagic",0
"560","Pterocaesio trilineata","PTTR","Caesionidae","Fusilier","PLANKTIVORE",20,"Caesionidae","Planktivore","Pelagic",0
"561","Pterois antennata","PTAN","Scorpaenidae","Scorpionfish","SECONDARY",20,"Scorpaenidae","Pisci-invertivore","Reef",1
"562","Pterois sphex","PTSP","Scorpaenidae","Scorpionfish","PISCIVORE",22,"Scorpaenidae","Pisci-invertivore","Reef",1
"563","Pterois volitans","PTVO","Scorpaenidae","Scorpionfish","PISCIVORE",38,"Scorpaenidae","Pisci-invertivore","Reef",1
"564","Pygoplites diacanthus","PYDI","Pomacanthidae","Angelfish","SECONDARY",25,"Pomacanthidae","Spongivore","Reef",1
"565","Rhinecanthus aculeatus","RHAC","Balistidae","Triggerfish","SECONDARY",30,"Balistidae","Micro-invertivore","Reef",1
"566","Rhinecanthus lunula","RHLU","Balistidae","Triggerfish","SECONDARY",28,"Balistidae","Micro-invertivore","Reef",1
"567","Rhinecanthus rectangulus","RHRE","Balistidae","Triggerfish","SECONDARY",30,"Balistidae","Micro-invertivore","Reef",1
"568","Sargocentron caudimaculatum","SACA","Holocentridae","Soldierfish","SECONDARY",25,"Holocentridae","Pisci-invertivore","Nocturnal",0
"569","Sargocentron diadema","SADI","Holocentridae","Soldierfish","SECONDARY",17,"Holocentridae","Pisci-invertivore","Nocturnal",0
"570","Sargocentron ensifer","SAEN","Holocentridae","Soldierfish","SECONDARY",23,"Holocentridae","Pisci-invertivore","Nocturnal",0
"571","Sargocentron microstoma","SAMI","Holocentridae","Soldierfish","SECONDARY",20,"Holocentridae","Pisci-invertivore","Nocturnal",0
"572","Sargocentron punctatissimum","SAPU","Holocentridae","Soldierfish","SECONDARY",23,"Holocentridae","Pisci-invertivore","Nocturnal",0
"573","Sargocentron sp","SAPP","Holocentridae","Soldierfish","SECONDARY",20,"Holocentridae","Pisci-invertivore","Nocturnal",0
"574","Sargocentron spiniferum","SASP","Holocentridae","Soldierfish","SECONDARY",51,"Holocentridae","Pisci-invertivore","Nocturnal",0
"575","Sargocentron tiere","SATI","Holocentridae","Soldierfish","SECONDARY",33,"Holocentridae","Pisci-invertivore","Nocturnal",0
"576","Sargocentron xantherythrum","SAXA","Holocentridae","Soldierfish","SECONDARY",17,"Holocentridae","Pisci-invertivore","Nocturnal",0
"577","Saurida flamma","SAFL","Synodontidae","Lizardfishes","PISCIVORE",30.5,"Synodontidae","Piscivore","Reef",1
"578","Saurida gracilis","SAGR","Synodontidae","Lizardfishes","PISCIVORE",32,"Synodontidae","Piscivore","Reef",1
"579","Scarus altipinnis","SCAL","Scaridae","Parrotfish","PRIMARY",60,"Scaridae","Excavator/scraper","Reef",1
"580","Scarus dimidiatus","SCDM","Scaridae","Parrotfish","PRIMARY",40,"Scaridae","Excavator/scraper","Reef",1
"581","Scarus dubius","SCDU","Scaridae","Parrotfish","PRIMARY",35.6,"Scaridae","Excavator/scraper","Reef",1
"582","Scarus festivus","SCFE","Scaridae","Parrotfish","PRIMARY",45,"Scaridae","Excavator/scraper","Reef",1
"583","Scarus forsteni","SCFO","Scaridae","Parrotfish","PRIMARY",55,"Scaridae","Excavator/scraper","Reef",1
"584","Scarus forsteni","SCFO","Scaridae","Parrotfish","PRIMARY",55,"Scaridae","Excavator/scraper","Reef",1
"585","Scarus frenatus","SCFR","Scaridae","Parrotfish","PRIMARY",47,"Scaridae","Excavator/scraper","Reef",1
"586","Scarus frenatus","SCFR","Scaridae","Parrotfish","PRIMARY",47,"Scaridae","Excavator/scraper","Reef",1
"587","Scarus fuscocaudalis","SCFU","Scaridae","Parrotfish","PRIMARY",25,"Scaridae","Excavator/scraper","Reef",1
"588","Scarus ghobban","SCGH","Scaridae","Parrotfish","PRIMARY",90,"Scaridae","Excavator/scraper","Reef",1
"589","Scarus globiceps","SCGL","Scaridae","Parrotfish","PRIMARY",27,"Scaridae","Excavator/scraper","Reef",1
"590","Scarus niger","SCNI","Scaridae","Parrotfish","PRIMARY",40,"Scaridae","Excavator/scraper","Reef",1
"591","Scarus oviceps","SCOV","Scaridae","Parrotfish","PRIMARY",35,"Scaridae","Excavator/scraper","Reef",1
"592","Scarus psittacus","SCPS","Scaridae","Parrotfish","PRIMARY",30,"Scaridae","Excavator/scraper","Reef",1
"593","Scarus rubroviolaceus","SCRU","Scaridae","Parrotfish","PRIMARY",70,"Scaridae","Excavator/scraper","Reef",1
"594","Scarus schlegeli","SCSC","Scaridae","Parrotfish","PRIMARY",40,"Scaridae","Excavator/scraper","Reef",1
"595","Scarus sp","SCSP","Scaridae","Parrotfish","PRIMARY",50,"Scaridae","Excavator/scraper","Reef",1
"596","Scarus sp","SCSP","Scaridae","Parrotfish","PRIMARY",50,"Scaridae","Excavator/scraper","Reef",1
"597","Scarus sp","SCSP","Scaridae","Parrotfish","PRIMARY",50,"Scaridae","Excavator/scraper","Reef",1
"598","Scarus sp","SCSP","Scaridae","Parrotfish","PRIMARY",50,"Scaridae","Excavator/scraper","Reef",1
"599","Scarus spinus","SCSI","Scaridae","Parrotfish","PRIMARY",30,"Scaridae","Excavator/scraper","Reef",1
"600","Scarus tricolor","SCTR","Scaridae","Parrotfish","PRIMARY",26.6,"Scaridae","Excavator/scraper","Reef",1
"601","Scarus xanthopleura","SCXA","Scaridae","Parrotfish","PRIMARY",54,"Scaridae","Excavator/scraper","Reef",1
"602","Scolopsis lineata","SCLI","Nemipteridae","Threadfin","SECONDARY",25,"Nemipteridae","Micro-invertivore","Reef",1
"603","Scolopsis lineata","SCLI","Nemipteridae","Threadfin","SECONDARY",25,"Nemipteridae","Micro-invertivore","Reef",1
"604","Scomberoides lysan","SCLY","Carangidae","Jack","PISCIVORE",110,"Carangidae","Piscivore","Pelagic",0
"605","Scorpaenodes parvipinnis","SCPA","Scorpaenidae","Scorpionfish","SECONDARY",14,"Scorpaenidae","Micro-invertivore","Reef",1
"606","Scorpaenopsis cacopsis","SCCA","Scorpaenidae","Scorpionfish","PISCIVORE",51,"Scorpaenidae","Piscivore","Reef",1
"607","Scorpaenopsis diabolus","SCDI","Scorpaenidae","Scorpionfish","PISCIVORE",30,"Scorpaenidae","Pisci-invertivore","Reef",1
"608","Scorpaenopsis sp","SCPP","Scorpaenidae","Scorpionfish","PISCIVORE",30,"Scorpaenidae","Pisci-invertivore","Reef",1
"609","Sebastapistes coniorta","SECO","Scorpaenidae","Scorpionfish","SECONDARY",10,"Scorpaenidae","Micro-invertivore","Reef",1
"610","Sebastapistes cyanostigma","SECY","Scorpaenidae","Scorpionfish","SECONDARY",10,"Scorpaenidae","Micro-invertivore","Reef",1
"611","Sebastapistes sp","SESP","Scorpaenidae","Scorpionfish","PISCIVORE",10,"Scorpaenidae","Micro-invertivore","Reef",1
"612","Sectator ocyurus","SEOX","Kyphosidae","Chub","PRIMARY",59,"Kyphosidae",NA,"Pelagic",0
"613","Selar crumenophthalmus","SECR","Carangidae","Jack","PLANKTIVORE",70,"Carangidae",NA,"Pelagic",0
"614","Seriola dumerili","SEDU","Carangidae","Jack","PISCIVORE",190,"Carangidae","Piscivore","Pelagic",0
"615","Siganus argenteus","SIAR","Siganidae","Rabbitfish","PRIMARY",40,"Siganidae","Grazer","Reef",1
"616","Siganus punctatus","SIPN","Siganidae","Rabbitfish","PRIMARY",40,"Siganidae","Grazer","Reef",1
"617","Siganus spinus","SISI","Siganidae","Rabbitfish","PRIMARY",28,"Siganidae","Grazer","Reef",1
"618","Sphyraena barracuda","SPBA","Sphyraenidae","Barracuda","PISCIVORE",200,"Sphyraenidae","Piscivore","Pelagic",0
"619","Sphyraena helleri","SPHE","Sphyraenidae","Barracuda","PISCIVORE",80,"Sphyraenidae","Piscivore","Pelagic",0
"620","Sphyraena qenie","SPQE","Sphyraenidae","Barracuda","PISCIVORE",170,"Sphyraenidae","Piscivore","Pelagic",0
"621","Sphyrna lewini","SPLE","Sphyrnidae","Hammerhead","PISCIVORE",430,"Sphyrnidae","Piscivore","Pelagic",0
"622","Spratelloides delicatulus","SPDE","Clupeidae","Herring etc","PLANKTIVORE",7,"Clupeidae",NA,"Pelagic",0
"623","Stegastes albifasciatus","STAL","Pomacentridae","Damselfish","PRIMARY",13,"Pomacentridae","Grazer","Reef",1
"624","Stegastes aureus","STAU","Pomacentridae","Damselfish","PRIMARY",11,"Pomacentridae","Grazer","Reef",1
"625","Stegastes fasciolatus","STFA","Pomacentridae","Damselfish","PRIMARY",16.5,"Pomacentridae","Grazer","Reef",1
"626","Stegastes lividus","STLI","Pomacentridae","Damselfish","PRIMARY",13,"Pomacentridae","Grazer","Reef",1
"627","Stegastes nigricans","STNI","Pomacentridae","Damselfish","PRIMARY",14,"Pomacentridae","Grazer","Reef",1
"628","Stegastes sp","STSP","Pomacentridae","Damselfish","PRIMARY",13,"Pomacentridae","Grazer","Reef",1
"629","Stethojulis balteata","STBA","Labridae","Wrasse","SECONDARY",15,"Labridae","Micro-invertivore","Reef",1
"630","Stethojulis bandanensis","STBN","Labridae","Wrasse","PLANKTIVORE",15,"Labridae","Micro-invertivore","Reef",1
"631","Stethojulis bandanensis","STBN","Labridae","Wrasse","PLANKTIVORE",15,"Labridae","Micro-invertivore","Reef",1
"632","Stethojulis strigiventer","STST","Labridae","Wrasse","SECONDARY",15,"Labridae","Micro-invertivore","Reef",1
"633","Stethojulis trilineata","STTR","Labridae","Wrasse","SECONDARY",15,"Labridae","Micro-invertivore","Reef",1
"634","Sufflamen bursa","SUBU","Balistidae","Triggerfish","SECONDARY",25,"Balistidae","Micro-invertivore","Reef",1
"635","Sufflamen chrysopterum","SUCH","Balistidae","Triggerfish","SECONDARY",30,"Balistidae","Micro-invertivore","Reef",1
"636","Sufflamen fraenatum","SUFR","Balistidae","Triggerfish","SECONDARY",38,"Balistidae","Micro-invertivore","Reef",1
"637","Synodus binotatus","SYBI","Synodontidae","Lizardfishes","PISCIVORE",18,"Synodontidae","Piscivore","Reef",1
"638","Synodus dermatogenys","SYDE","Synodontidae","Lizardfishes","PISCIVORE",24,"Synodontidae","Piscivore","Reef",1
"639","Synodus ulae","SYUL","Synodontidae","Lizardfishes","PISCIVORE",30,"Synodontidae","Piscivore","Reef",1
"640","Synodus variegatus","SYVA","Synodontidae","Lizardfishes","PISCIVORE",40,"Synodontidae","Piscivore","Reef",1
"641","Taenianotus triacanthus","TATR","Scorpaenidae","Scorpionfish","PISCIVORE",10,"Scorpaenidae","Piscivore","Reef",1
"642","Taeniura meyeni","TAME","Dasyatidae","Stingray","SECONDARY",330,"Dasyatidae","Pisci-invertivore","Reef",1
"643","Thalassoma amblycephalum","THAM","Labridae","Wrasse","PLANKTIVORE",16,"Labridae","Micro-invertivore","Reef",1
"644","Thalassoma ballieui","THBA","Labridae","Wrasse","SECONDARY",39.5,"Labridae","Micro-invertivore","Reef",1
"645","Thalassoma duperrey","THDU","Labridae","Wrasse","SECONDARY",28,"Labridae","Micro-invertivore","Reef",1
"646","Thalassoma duperrey","THDU","Labridae","Wrasse","SECONDARY",28,"Labridae","Micro-invertivore","Reef",1
"647","Thalassoma duperrey","THDU","Labridae","Wrasse","SECONDARY",28,"Labridae","Micro-invertivore","Reef",1
"648","Thalassoma hardwicke","THHA","Labridae","Wrasse","PLANKTIVORE",20,"Labridae","Micro-invertivore","Reef",1
"649","Thalassoma hardwicke","THHA","Labridae","Wrasse","PLANKTIVORE",20,"Labridae","Micro-invertivore","Reef",1
"650","Thalassoma lunare","THLN","Labridae","Wrasse","PLANKTIVORE",45,"Labridae","Micro-invertivore","Reef",1
"651","Thalassoma lutescens","THLU","Labridae","Wrasse","SECONDARY",30,"Labridae","Micro-invertivore","Reef",1
"652","Thalassoma purpureum","THPU","Labridae","Wrasse","SECONDARY",46,"Labridae","Micro-invertivore","Reef",1
"653","Thalassoma quinquevittatum","THQU","Labridae","Wrasse","SECONDARY",17,"Labridae","Micro-invertivore","Reef",1
"654","Thalassoma quinquevittatum","THQU","Labridae","Wrasse","SECONDARY",17,"Labridae","Micro-invertivore","Reef",1
"655","Thalassoma sp","THSP","Labridae","Wrasse","SECONDARY",35,"Labridae","Micro-invertivore","Reef",1
"656","Thalassoma sp","THSP","Labridae","Wrasse","SECONDARY",35,"Labridae","Micro-invertivore","Reef",1
"657","Thalassoma sp","THSP","Labridae","Wrasse","SECONDARY",35,"Labridae","Micro-invertivore","Reef",1
"658","Thalassoma trilobatum","THTR","Labridae","Wrasse","SECONDARY",30,"Labridae","Micro-invertivore","Reef",1
"659","Thunnus albacares","THAL","Scombridae","Tuna","PISCIVORE",239,"Scombridae","Piscivore","Pelagic",0
"660","Trachinotus blochii","TRBL","Carangidae","Jack","SECONDARY",110,"Carangidae","Pisci-invertivore","Pelagic",0
"661","Triaenodon obesus","TROB","Carcharhinidae","Requiem","PISCIVORE",213,"Carcharhinidae","Piscivore","Unknown",0
"662","Tylosurus crocodilus","TYCR","Belonidae","Needlefish","PISCIVORE",150,"Belonidae","Piscivore","Pelagic",0
"663","Valenciennea strigata","VAST","Gobiidae","Goby","SECONDARY",18,"Gobiidae","Detritivore","Reef",1
"664","Variola albimarginata","VAAL","Serranidae","Grouper","PISCIVORE",65,"Serranidae","Piscivore","Reef",1
"665","Variola louti","VALO","Serranidae","Grouper","PISCIVORE",83,"Serranidae","Piscivore","Reef",1
"666","Xanthichthys auromarginatus","XAAU","Balistidae","Triggerfish","PLANKTIVORE",30,"Balistidae","Planktivore","Reef",1
"667","Xanthichthys caeruleolineatus","XACA","Balistidae","Triggerfish","PLANKTIVORE",35,"Balistidae","Planktivore","Reef",1
"668","Xanthichthys mento","XAME","Balistidae","Triggerfish","PLANKTIVORE",30,"Balistidae","Planktivore","Reef",1
"669","Zanclus cornutus","ZACO","Zanclidae","Moorish idol","SECONDARY",23,"Zanclidae","Micro-invertivore","Reef",1
"670","Zebrasoma flavescens","ZEFL","Acanthuridae","Surgeonfish","PRIMARY",20,"Acanthuridae","Grazer","Reef",1
"671","Zebrasoma rostratum","ZERO","Acanthuridae","Surgeonfish","PRIMARY",21,"Acanthuridae","Grazer","Reef",1
"672","Zebrasoma scopas","ZESC","Acanthuridae","Surgeonfish","PRIMARY",40,"Acanthuridae","Grazer","Reef",1
"673","Zebrasoma veliferum","ZEVE","Acanthuridae","Surgeonfish","PRIMARY",40,"Acanthuridae","Grazer","Reef",1
